title,url,discounted_price,original_price
Xiaomi 3D Men Electric Shaver Razor Enchen BlackStone3 IPX7 Waterproof,https://www.cigabuy.com/xiaomi-3d-men-electric-shaver-razor-enchen-blackstone3-ipx7-waterproof-p-20146.html,,
Authentic Joyetech Riftcore Duo RTA 3.5ML - Black,https://www.cigabuy.com/authentic-joyetech-riftcore-duo-rta-35ml-black-p-12623.html,$1.18,$49.99 
Authentic Uwell Crown 3 5ML Sub-Ohm Tank Atomizer - Blue,https://www.cigabuy.com/authentic-uwell-crown-3-5ml-sub-ohm-tank-atomizer-blue-p-21145.html,$4.97,$6.02 
Authentic Uwell Crown Pod 1250mAh Pod System Kit - Grey,https://www.cigabuy.com/authentic-uwell-crown-pod-1250mah-pod-system-kit-grey-p-16657.html,$1.18,$37.91 
10 x SEA WOLF V3 Cleaning Organic Cotton Wick for E-cigarette,https://www.cigabuy.com/10-x-sea-wolf-v3-cleaning-organic-cotton-wick-for-e-cigarette-p-14912.html,,
10pcs Authentic Wotofo Agleted Organic Cotton 6mm,https://www.cigabuy.com/10pcs-authentic-wotofo-agleted-organic-cotton-6mm-p-13261.html,$3.03,$4.74 
Authentic Uwell Crown Pod 1250mAh Pod System Kit - Blue,https://www.cigabuy.com/authentic-uwell-crown-pod-1250mah-pod-system-kit-blue-p-16658.html,$7.71,$37.91 
Authentic Uwell Crown 3 5ML Sub-Ohm Tank Atomizer - Blue,https://www.cigabuy.com/authentic-uwell-crown-3-5ml-sub-ohm-tank-atomizer-blue-p-10250.html,$1.18,$32.82 
Authentic Uwell Crown Pod 1250mAh Pod System Kit - Grey,https://www.cigabuy.com/authentic-uwell-crown-pod-1250mah-pod-system-kit-grey-p-18906.html,$10.99,$12.93 
10 x SHOELACE Vape Cotton for RBA Atomizer DIY Building,https://www.cigabuy.com/10-x-shoelace-vape-cotton-for-rba-atomizer-diy-building-p-14573.html,$1.59,$3.24 
Authentic Uwell Caliburn Pod System 520mAh Kit - Black,https://www.cigabuy.com/authentic-uwell-caliburn-pod-system-520mah-kit-black-p-14097.html,$15.61,$32.04 
Authentic Joyetech Riftcore Duo RTA 3.5ML - Blue,https://www.cigabuy.com/authentic-joyetech-riftcore-duo-rta-35ml-blue-p-12624.html,$1.18,$50.07 
Authentic Uwell Crown Pod 1250mAh Pod System Kit - Black,https://www.cigabuy.com/authentic-uwell-crown-pod-1250mah-pod-system-kit-black-p-18855.html,$10.73,$12.41 
Send Money for Special Payments -Different Fees as Description,https://www.cigabuy.com/send-money-for-special-payments-different-fees-as-description-p-2873.html,,
1.6ml eGo-CE4 Clearomizer Plastic Drip Tip,https://www.cigabuy.com/16ml-ego-ce4-clearomizer-plastic-drip-tip-p-960.html,,
5 x Authentic Wotofo nexMESH Clapton Ni80 + A1 0.2ohm Coil,https://www.cigabuy.com/5-x-authentic-wotofo-nexmesh-clapton-ni80-a1-02ohm-coil-p-19390.html,$4.85,$10.67 
Authentic Uwell Crown Pod 1250mAh Pod System Kit - Red,https://www.cigabuy.com/authentic-uwell-crown-pod-1250mah-pod-system-kit-red-p-16659.html,$7.71,$37.91 
Authentic Uwell Crown 3 5ML Sub-Ohm Tank Atomizer - Purple,https://www.cigabuy.com/authentic-uwell-crown-3-5ml-sub-ohm-tank-atomizer-purple-p-10648.html,$1.18,$22.68 
Authentic Wotofo Profile RDTA  - Black,https://www.cigabuy.com/authentic-wotofo-profile-rdta-black-p-19384.html,$25.54,$42.87 
100 x Authentic E-XY Ni80 Pre-built 20GA 0.2Ω Coil Wire,https://www.cigabuy.com/100-x-authentic-e-xy-ni80-pre-built-20ga-02Ω-coil-wire-p-12462.html,,
50pcs Authentic Wotofo Agleted Organic Cotton 6mm - 10pcs/pack,https://www.cigabuy.com/50pcs-authentic-wotofo-agleted-organic-cotton-6mm-10pcspack-p-14652.html,$12.03,$14.96 
60pcs Demon Killer Slacker Cotton for RTA Building,https://www.cigabuy.com/60pcs-demon-killer-slacker-cotton-for-rta-building-p-13049.html,,
1300mAh Rechargeable Battery for E-Cigarette,https://www.cigabuy.com/1300mah-rechargeable-battery-for-e-cigarette-p-1064.html,,
100 LED Solar Light  Solar Lamp Powered Sunlight 3 Modes PIR Motion Sensor,https://www.cigabuy.com/100-led-solar-light-solar-lamp-powered-sunlight-3-modes-pir-motion-sensor-p-19318.html,,
10 x Vandy Vape Ni80 Triple Fused Clapton Coil 28ga*3+38ga 0.41ohm,https://www.cigabuy.com/10-x-vandy-vape-ni80-triple-fused-clapton-coil-28ga338ga-041ohm-p-16390.html,$1.19,$5.08 
10 x E-XY NI80 Double-Core Fused Clapton Premade Coil Wire 0.45ohm,https://www.cigabuy.com/10-x-e-xy-ni80-double-core-fused-clapton-premade-coil-wire-045ohm-p-14629.html,,
Authentic Uwell Crown 3 5ML Sub-Ohm Tank Atomizer - Purple,https://www.cigabuy.com/authentic-uwell-crown-3-5ml-sub-ohm-tank-atomizer-purple-p-21146.html,$5.04,$6.02 
Authentic Uwell Caliburn G POD kit - Grey,https://www.cigabuy.com/authentic-uwell-caliburn-g-pod-kit-grey-p-19938.html,$18.37,$21.04 
5 x Authentic VOOPOO PnP-VM3 Single Mesh Coil 0.45ohm,https://www.cigabuy.com/5-x-authentic-voopoo-pnp-vm3-single-mesh-coil-045ohm-p-18288.html,$9.74,$13.74 
Authentic Steam Crave Hadron Pro DNA250C 400W MOD - Silver,https://www.cigabuy.com/authentic-steam-crave-hadron-pro-dna250c-400w-mod-silver-p-21504.html,,
5-in-1 Survival Bracelet Fire Starter Whistle Buckle Scraper Knife - Black,https://www.cigabuy.com/5-in-1-survival-bracelet-fire-starter-whistle-buckle-scraper-knife-black-p-21355.html,$1.18,$5.96 
Authentic Joyetech Riftcore Duo RTA 3.5ML - Gold,https://www.cigabuy.com/authentic-joyetech-riftcore-duo-rta-35ml-gold-p-12625.html,$1.18,$18.65 
50pcs SEA WOLF V3 Cleaning Organic Cotton Wick for E-cigarette 10pcs/pack,https://www.cigabuy.com/50pcs-sea-wolf-v3-cleaning-organic-cotton-wick-for-e-cigarette-10pcspack-p-21220.html,$1.18,$4.49 
8pcs Authentic Uwell Crown Pod Repalcement Cartridge 1.0ohm 2pcs/pack,https://www.cigabuy.com/8pcs-authentic-uwell-crown-pod-repalcement-cartridge-10ohm-2pcspack-p-21684.html,$23.19,$29.43 
Authentic Geekvape Feather Organic Cotton 20pcs,https://www.cigabuy.com/authentic-geekvape-feather-organic-cotton-20pcs-p-14403.html,,
10pcs Authentic OFRF nexMESH Coil 0.15ohm,https://www.cigabuy.com/10pcs-authentic-ofrf-nexmesh-coil-015ohm-p-15479.html,,
5 x Authentic Vaporesso GTX 0.2ohm Mesh Coil,https://www.cigabuy.com/5-x-authentic-vaporesso-gtx-02ohm-mesh-coil-p-20208.html,,
10 x Authentic VandyVape Vape Cotton Laces,https://www.cigabuy.com/10-x-authentic-vandyvape-vape-cotton-laces-p-16387.html,$2.64,$4.43 
Authentic Uwell Crown Pod 1250mAh Pod System Kit - Black+Grey,https://www.cigabuy.com/authentic-uwell-crown-pod-1250mah-pod-system-kit-blackgrey-p-21240.html,$15.20,$19.47 
Authentic VOOPOO Argus 40W Pod Kit - Vintage Grey & Black Silver,https://www.cigabuy.com/authentic-voopoo-argus-40w-pod-kit-vintage-grey-black-silver-p-20193.html,$26.08,$27.40 
Authentic VOOPOO Argus GT 160W TC Kit - Carbon fiber,https://www.cigabuy.com/authentic-voopoo-argus-gt-160w-tc-kit-carbon-fiber-p-19277.html,$40.08,$43.36 
LED Flashlight Waterproof Torch 3 lighting modes Zoomable camping light,https://www.cigabuy.com/led-flashlight-waterproof-torch-3-lighting-modes-zoomable-camping-light-p-20068.html,,
Authentic Geekvape Z50 Kit - Black,https://www.cigabuy.com/authentic-geekvape-z50-kit-black-p-21333.html,,
Authentic Wotofo Profile RDTA  - Gunmetal,https://www.cigabuy.com/authentic-wotofo-profile-rdta-gunmetal-p-19385.html,$24.76,$43.30 
Authentic Steam Crave Aromamizer Plus V2 RDTA Advanced Kit - Black,https://www.cigabuy.com/authentic-steam-crave-aromamizer-plus-v2-rdta-advanced-kit-black-p-18331.html,$44.16,$70.32 
2 x 1300mAh Rechargeable Battery for E-cigarette,https://www.cigabuy.com/2-x-1300mah-rechargeable-battery-for-e-cigarette-p-894.html,,
10 x Authentic Wotofo Quad Core Fused Clapton Prebuilt Wire 0.26ohm,https://www.cigabuy.com/10-x-authentic-wotofo-quad-core-fused-clapton-prebuilt-wire-026ohm-p-14312.html,,
3 x Authentic VGOD STIG XL 700 Puffs DISPOSABLE POD Kit - PURPLE BOMB ICED,https://www.cigabuy.com/3-x-authentic-vgod-stig-xl-700-puffs-disposable-pod-kit-purple-bomb-iced-p-21115.html,$16.26,$17.07 
Authentic Steam Crave Hadron Pro DNA250C 400W MOD - Gunmetal,https://www.cigabuy.com/authentic-steam-crave-hadron-pro-dna250c-400w-mod-gunmetal-p-21506.html,,
Authentic Uwell Crown Pod 1250mAh Pod System Kit - Black+Red,https://www.cigabuy.com/authentic-uwell-crown-pod-1250mah-pod-system-kit-blackred-p-21245.html,$15.20,$19.47 
Authentic 5pcs Joyetech CUBIS BF SS316 Coil Head 0.5ohm,https://www.cigabuy.com/authentic-5pcs-joyetech-cubis-bf-ss316-coil-head-05ohm-p-8431.html,,
8pcs Authentic Uwell Crown Pod Repalcement Cartridge 0.6ohm 2pcs/pack,https://www.cigabuy.com/8pcs-authentic-uwell-crown-pod-repalcement-cartridge-06ohm-2pcspack-p-21683.html,$21.28,$27.61 
Authentic Geekvape Wenax Stylus Pod Starter Kit - Classic Black,https://www.cigabuy.com/authentic-geekvape-wenax-stylus-pod-starter-kit-classic-black-p-19295.html,$14.69,$23.84 
Authentic Uwell Caliburn G POD kit - Rosy Brown,https://www.cigabuy.com/authentic-uwell-caliburn-g-pod-kit-rosy-brown-p-19940.html,$20.49,$32.51 
Authentic Geekvape Wenax Stylus Pod Starter Kit - Space Gray,https://www.cigabuy.com/authentic-geekvape-wenax-stylus-pod-starter-kit-space-gray-p-19299.html,$14.87,$23.84 
10 x Authentic Wotofo nexMESH TURBO A1 Wire 0.13ohm,https://www.cigabuy.com/10-x-authentic-wotofo-nexmesh-turbo-a1-wire-013ohm-p-16533.html,,
Authentic VOOPOO PnP Pod Tank 4.5ml - Stainless Steel,https://www.cigabuy.com/authentic-voopoo-pnp-pod-tank-45ml-stainless-steel-p-20117.html,,
10 x Authentic Wotofo Dual Core Fused Clapton Prebuilt Wire 0.28ohm,https://www.cigabuy.com/10-x-authentic-wotofo-dual-core-fused-clapton-prebuilt-wire-028ohm-p-14309.html,,
Authentic Uwell Caliburn G POD kit - Black,https://www.cigabuy.com/authentic-uwell-caliburn-g-pod-kit-black-p-19935.html,$20.49,$32.51 
Authentic Wotofo SMRT Pod Kit - Black Blue,https://www.cigabuy.com/authentic-wotofo-smrt-pod-kit-black-blue-p-20630.html,$21.41,$39.87 
4 x Authentic Uwell Nunchaku 2 SS316L UN2 Meshed-H 0.14ohm Coil,https://www.cigabuy.com/4-x-authentic-uwell-nunchaku-2-ss316l-un2-meshed-h-014ohm-coil-p-16225.html,,
X96Q Android 10 TV Box Quad Core Allwinner H313 4K 2GB RAM 16GB ROM,https://www.cigabuy.com/x96q-android-10-tv-box-quad-core-allwinner-h313-4k-2gb-ram-16gb-rom-p-18997.html,$21.69,$37.53 
Authentic Damn Vape x DeucesJack Mongrel RDA - Gunmetal,https://www.cigabuy.com/authentic-damn-vape-x-deucesjack-mongrel-rda-gunmetal-p-20403.html,,
Authentic Uwell Caliburn G POD kit - Red,https://www.cigabuy.com/authentic-uwell-caliburn-g-pod-kit-red-p-19937.html,$20.49,$32.51 
Authentic VOOPOO V.SUIT Pod System Kit - Blue,https://www.cigabuy.com/authentic-voopoo-vsuit-pod-system-kit-blue-p-19835.html,$21.69,$24.47 
Authentic Geekvape Aegis X 200W TC Box Mod - Gunmetal Camo,https://www.cigabuy.com/authentic-geekvape-aegis-x-200w-tc-box-mod-gunmetal-camo-p-16063.html,$49.61,$79.94 
Authentic Vaporesso GTX GO 80 Kit - Matte Grey,https://www.cigabuy.com/authentic-vaporesso-gtx-go-80-kit-matte-grey-p-21288.html,,
QCY A1 Wireless Bluetooth Business Headset Portable Stereo Headphone - Black,https://www.cigabuy.com/qcy-a1-wireless-bluetooth-business-headset-portable-stereo-headphone-black-p-21673.html,$4.17,$14.53 
Authentic VOOPOO Argus Pro 80W Pod Kit - Denim & Silver,https://www.cigabuy.com/authentic-voopoo-argus-pro-80w-pod-kit-denim-silver-p-20196.html,$23.55,$29.04 
Authentic Eleaf iStick Power 2 80W MOD - Red,https://www.cigabuy.com/authentic-eleaf-istick-power-2-80w-mod-red-p-20761.html,$31.93,$32.93 
Authentic Uwell Crown Pod 1250mAh Pod System Kit - Black+Blue,https://www.cigabuy.com/authentic-uwell-crown-pod-1250mah-pod-system-kit-blackblue-p-21244.html,$15.20,$19.47 
Authentic VOOPOO Argus Pro 80W Pod Kit - Litchi Leather & Blue,https://www.cigabuy.com/authentic-voopoo-argus-pro-80w-pod-kit-litchi-leather-blue-p-20197.html,$29.04,$29.86 
12V 150W Mini Portable Car Air Purification Heater Demisting Defroster 2 Gears,https://www.cigabuy.com/12v-150w-mini-portable-car-air-purification-heater-demisting-defroster-2-gears-p-20450.html,,
12pcs Uwell Crown Pod 0.6Ω + 1pcs Free Crown Pod 1250mAh Kit Black,https://www.cigabuy.com/12pcs-uwell-crown-pod-06Ω-1pcs-free-crown-pod-1250mah-kit-black-p-21163.html,$41.72,$49.84 
Men Wallets Retro Frosted PU Wallet Two Folding Male Purse Credit Card Holder,https://www.cigabuy.com/men-wallets-retro-frosted-pu-wallet-two-folding-male-purse-credit-card-holder-p-19637.html,,
Authentic Uwell Caliburn KOKO Prime Kit - Black,https://www.cigabuy.com/authentic-uwell-caliburn-koko-prime-kit-black-p-20246.html,$21.12,$34.07 
NAVIFORCE 9182 Men Watch Top Brand Big Dial Sport Quartz Watches Waterproof,https://www.cigabuy.com/naviforce-9182-men-watch-top-brand-big-dial-sport-quartz-watches-waterproof-p-20148.html,,
Authentic Vandyvape Jackaroo Pod Kit - Carbon Fiber Black,https://www.cigabuy.com/authentic-vandyvape-jackaroo-pod-kit-carbon-fiber-black-p-20637.html,$26.16,$37.91 
2pcs Authentic Uwell Crown 3 5ML Sub-Ohm Tank Atomizer - Blue,https://www.cigabuy.com/2pcs-authentic-uwell-crown-3-5ml-sub-ohm-tank-atomizer-blue-p-21253.html,$4.74,$7.29 
Authentic Geekvape Obelisk 120 FC MOD without Fast Charger - Gunmetal,https://www.cigabuy.com/authentic-geekvape-obelisk-120-fc-mod-without-fast-charger-gunmetal-p-21093.html,$50.50,$79.74 
5 x Authentic VOOPOO PnP-R1 Mesh Coil 0.8ohm,https://www.cigabuy.com/5-x-authentic-voopoo-pnp-r1-mesh-coil-08ohm-p-16294.html,$9.74,$10.96 
10 x Vandy Vape A1 Superfine MTL Fused 1.51Ω Clapton Coil 32ga*2+38ga,https://www.cigabuy.com/10-x-vandy-vape-a1-superfine-mtl-fused-151Ω-clapton-coil-32ga238ga-p-16399.html,,
Authentic Joyetech Riftcore Duo RTA 3.5ML - Blue+Black,https://www.cigabuy.com/authentic-joyetech-riftcore-duo-rta-35ml-blueblack-p-21262.html,$8.76,$12.16 
Authentic SMOK Novo 4 Pod Kit - Black Stabilizing Wood,https://www.cigabuy.com/authentic-smok-novo-4-pod-kit-black-stabilizing-wood-p-20730.html,$21.48,$24.37 
Authentic Eleaf iStick Power 2 80W MOD - Light Brown,https://www.cigabuy.com/authentic-eleaf-istick-power-2-80w-mod-light-brown-p-20760.html,$31.93,$32.93 
50pcs SHOELACE Vape Cotton for RBA Atomizer DIY Building 10pcs/pack,https://www.cigabuy.com/50pcs-shoelace-vape-cotton-for-rba-atomizer-diy-building-10pcspack-p-21267.html,$5.44,$7.37 
Authentic SMOK TFV16 9ML Sub-Ohm Tank Atomizer - Black Plating,https://www.cigabuy.com/authentic-smok-tfv16-9ml-sub-ohm-tank-atomizer-black-plating-p-15362.html,$22.15,$25.01 
Authentic Vandyvape Jackaroo Pod Kit - Black,https://www.cigabuy.com/authentic-vandyvape-jackaroo-pod-kit-black-p-20641.html,$25.45,$35.92 
Authentic Uwell Caliburn KOKO Prime Kit - Grey,https://www.cigabuy.com/authentic-uwell-caliburn-koko-prime-kit-grey-p-20248.html,$21.12,$34.07 
Authentic Eleaf iStick Power 2 80W MOD - Blue,https://www.cigabuy.com/authentic-eleaf-istick-power-2-80w-mod-blue-p-20758.html,$31.93,$32.93 
"0,99€ Gift Box for Mother's Day",https://www.cigabuy.com/099€-gift-box-for-mothers-day-p-21124.html,,
Authentic Uwell Tripod PCC Pod Kit 370mAh + 1000mAh - Metallic Green,https://www.cigabuy.com/authentic-uwell-tripod-pcc-pod-kit-370mah-1000mah-metallic-green-p-20358.html,$22.86,$38.08 
10pcs Snore Stopper Silicone Nose Clip Sleeping Device Nasal Dilators,https://www.cigabuy.com/10pcs-snore-stopper-silicone-nose-clip-sleeping-device-nasal-dilators-p-18895.html,,
Authentic FreeMax Marvos T 80W Pod Kit - Blue,https://www.cigabuy.com/authentic-freemax-marvos-t-80w-pod-kit-blue-p-21235.html,,
Authentic Eleaf iStick Power 2 80W MOD - Dark Brown,https://www.cigabuy.com/authentic-eleaf-istick-power-2-80w-mod-dark-brown-p-20759.html,$29.55,$32.93 
Authentic Wotofo SMRT Pod Kit - Black,https://www.cigabuy.com/authentic-wotofo-smrt-pod-kit-black-p-20629.html,$21.41,$39.87 
Authentic Uwell Caliburn G POD kit - Blue,https://www.cigabuy.com/authentic-uwell-caliburn-g-pod-kit-blue-p-19936.html,$21.04,$32.51 
Authentic Uwell Caliburn KOKO Prime Kit - Blue,https://www.cigabuy.com/authentic-uwell-caliburn-koko-prime-kit-blue-p-20247.html,$21.27,$34.07 
Authentic IJOY Captain AirGo Pod Kit - Black,https://www.cigabuy.com/authentic-ijoy-captain-airgo-pod-kit-black-p-21561.html,,
Authentic Demon Killer 8 in 1 Wire for RBA Atomizer - 8 Specs,https://www.cigabuy.com/authentic-demon-killer-8-in-1-wire-for-rba-atomizer-8-specs-p-11052.html,,
Authentic Uwell Caliburn G POD kit - Green,https://www.cigabuy.com/authentic-uwell-caliburn-g-pod-kit-green-p-19939.html,$22.03,$32.51 
Authentic Vandyvape Jackaroo Pod Kit - Obsidian Black,https://www.cigabuy.com/authentic-vandyvape-jackaroo-pod-kit-obsidian-black-p-20638.html,$26.16,$37.91 
Authentic Vandyvape Jackaroo Pod Kit - Black Warrior,https://www.cigabuy.com/authentic-vandyvape-jackaroo-pod-kit-black-warrior-p-20639.html,$24.71,$35.92 
Authentic VOOPOO V.SUIT Pod System Kit - White,https://www.cigabuy.com/authentic-voopoo-vsuit-pod-system-kit-white-p-19837.html,$22.86,$25.44 
COOLBOSS Sports Digital Watch Wristwatch With Rubber Band For Kids,https://www.cigabuy.com/coolboss-sports-digital-watch-wristwatch-with-rubber-band-for-kids-p-14293.html,$1.19,$2.15 
Authentic Geekvape Obelisk 120 FC Z Zeus Tank Kit without Fast Charger - SS,https://www.cigabuy.com/authentic-geekvape-obelisk-120-fc-z-zeus-tank-kit-without-fast-charger-ss-p-21090.html,$61.68,$99.70 
Authentic Geekvape Aegis Hero Pod Mod Kit - Black,https://www.cigabuy.com/authentic-geekvape-aegis-hero-pod-mod-kit-black-p-19995.html,$27.27,$41.18 
10pcs Authentic VOOPOO PnP-TM2 Coil 0.8ohm 5pcs/pack,https://www.cigabuy.com/10pcs-authentic-voopoo-pnp-tm2-coil-08ohm-5pcspack-p-21690.html,$18.59,$20.01 
4pcs 100 LED Solar Light  Solar Lamp Powered Sunlight 3 Modes PIR Motion Sensor,https://www.cigabuy.com/4pcs-100-led-solar-light-solar-lamp-powered-sunlight-3-modes-pir-motion-sensor-p-21361.html,$10.04,$14.66 
12pcs Uwell Crown Pod 1.0Ω + 1pcs Free Crown Pod 1250mAh Kit Black,https://www.cigabuy.com/12pcs-uwell-crown-pod-10Ω-1pcs-free-crown-pod-1250mah-kit-black-p-21162.html,$41.72,$52.59 
Authentic Uwell Tripod PCC Pod Kit 370mAh + 1000mAh - Black&Gold,https://www.cigabuy.com/authentic-uwell-tripod-pcc-pod-kit-370mah-1000mah-blackgold-p-20357.html,$23.15,$38.08 
Authentic VOOPOO Argus Air Pod Kit - Classic Black,https://www.cigabuy.com/authentic-voopoo-argus-air-pod-kit-classic-black-p-19269.html,$19.85,$22.98 
50pcs Authentic VandyVape Vape Cotton Laces 10pcs/bag,https://www.cigabuy.com/50pcs-authentic-vandyvape-vape-cotton-laces-10pcsbag-p-21217.html,$10.46,$12.64 
Authentic Joyetech EVIO C Pod Kit - Black,https://www.cigabuy.com/authentic-joyetech-evio-pod-kit-black-p-20620.html,,
Authentic Eleaf Mini iStick 2 Mod - Black,https://www.cigabuy.com/authentic-eleaf-mini-istick-2-mod-black-p-21760.html,,
Authentic Vandyvape Jackaroo Pod Kit - Carbon Fiber Silver,https://www.cigabuy.com/authentic-vandyvape-jackaroo-pod-kit-carbon-fiber-silver-p-20640.html,$26.16,$35.92 
Authentic Eleaf Mini iStick 2 Mod - Green,https://www.cigabuy.com/authentic-eleaf-mini-istick-2-mod-green-p-21761.html,,
Projector Light 4.9ft Green & Blue Aluminum Laser Show,https://www.cigabuy.com/projector-light-49ft-green-blue-aluminum-laser-show-p-11522.html,$2.42,$39.93 
Authentic SMOK Novo 4 Pod Kit - Fluid Black Grey,https://www.cigabuy.com/authentic-smok-novo-4-pod-kit-fluid-black-grey-p-20733.html,,
Authentic Uwell Whirl S Pen Kit - Coffee,https://www.cigabuy.com/authentic-uwell-whirl-s-pen-kit-coffee-p-20633.html,$21.72,$38.81 
AXGIO Super Mini Nano Wireless Stereo Earphone with Mic for Cellphone,https://www.cigabuy.com/axgio-super-mini-nano-wireless-stereo-earphone-with-mic-for-cellphone-p-20703.html,$1.19,$19.25 
Authentic Eleaf Mini iStick 2 Mod - Grey,https://www.cigabuy.com/authentic-eleaf-mini-istick-2-mod-grey-p-21762.html,,
Authentic VOOPOO SEAL Pod Kit - Tiffany Blue,https://www.cigabuy.com/authentic-voopoo-seal-pod-kit-tiffany-blue-p-21642.html,,
Authentic FreeMax Marvos T 80W Pod Kit - Red,https://www.cigabuy.com/authentic-freemax-marvos-t-80w-pod-kit-red-p-21237.html,,
Authentic FreeMax Marvos T 80W Pod Kit - Grey,https://www.cigabuy.com/authentic-freemax-marvos-t-80w-pod-kit-grey-p-21236.html,,
X96 Mini Android 7.1 TV BOX 2GB 16GB Amlogic S905W Quad Core WiFi,https://www.cigabuy.com/x96-mini-android-71-tv-box-2gb-16gb-amlogic-s905w-quad-core-wifi-p-14830.html,$24.10,$39.93 
Authentic Geekvape Wenax Stylus Pod Starter Kit - Granite Grey,https://www.cigabuy.com/authentic-geekvape-wenax-stylus-pod-starter-kit-granite-grey-p-19297.html,$15.61,$23.84 
"X11 Bluetooth Smartwatch Phone Android 5.1 512M/4G 1.54"" Screen",https://www.cigabuy.com/x11-bluetooth-smartwatch-phone-android-51-512m4g-154-screen-p-21724.html,$1.18,$143.01 
Authentic Vaporesso GTX GO 80 Kit - Blue,https://www.cigabuy.com/authentic-vaporesso-gtx-go-80-kit-blue-p-21287.html,,
Authentic Geekvape Wenax C1 Kit - White,https://www.cigabuy.com/authentic-geekvape-wenax-c1-kit-white-p-20496.html,$15.69,$23.15 
2pcs Authentic Joyetech Riftcore Duo RTA 3.5ML - Black,https://www.cigabuy.com/2pcs-authentic-joyetech-riftcore-duo-rta-35ml-black-p-21260.html,$8.76,$12.16 
5pcs Authentic Uwell Crown 3 5ML Sub-Ohm Tank Atomizer - Purple,https://www.cigabuy.com/5pcs-authentic-uwell-crown-3-5ml-sub-ohm-tank-atomizer-purple-p-21144.html,$10.65,$18.03 
Authentic Aspire Zelos 3 Mod - Black,https://www.cigabuy.com/authentic-aspire-zelos-3-mod-black-p-21713.html,,
Authentic VOOPOO DRAG Max 177W Kit with PNP Tank - Retro,https://www.cigabuy.com/authentic-voopoo-drag-max-177w-kit-with-pnp-tank-retro-p-20056.html,$40.90,$44.09 
Authentic Geekvape Obelisk 120 FC Z Zeus Tank Kit without Fast Charger - Black,https://www.cigabuy.com/authentic-geekvape-obelisk-120-fc-z-zeus-tank-kit-without-fast-charger-black-p-21087.html,$62.15,$99.70 
Authentic VOOPOO VINCI 2 Pod Kit - Carbon Fiber,https://www.cigabuy.com/authentic-voopoo-vinci-2-pod-kit-carbon-fiber-p-21268.html,$26.16,$27.47 
JM-PJ1010 10 in 1 Multifunctional Pliers Outdoor Folding Plier With Knife,https://www.cigabuy.com/jm-pj1010-10-in-1-multifunctional-pliers-outdoor-folding-plier-with-knife-p-14549.html,$5.75,$17.99 
Authentic Eleaf Mini iStick 2 Kit - Green,https://www.cigabuy.com/authentic-eleaf-mini-istick-2-kit-green-p-21757.html,,
Authentic Uwell Crown Pod 1250mAh Pod System Kit - Grey+Blue,https://www.cigabuy.com/authentic-uwell-crown-pod-1250mah-pod-system-kit-greyblue-p-21241.html,$15.20,$19.47 
Authentic Geekvape Obelisk 60 Pod Kit - Black,https://www.cigabuy.com/authentic-geekvape-obelisk-60-pod-kit-black-p-21173.html,,
Authentic Joyetech eGo Pod System Kit 1000mAh  - Black,https://www.cigabuy.com/authentic-joyetech-ego-pod-system-kit-1000mah-black-p-19399.html,$8.73,$9.30 
Authentic Eleaf Mini iStick 2 Kit - Black,https://www.cigabuy.com/authentic-eleaf-mini-istick-2-kit-black-p-21756.html,,
Authentic Eleaf Mini iStick 2 Kit - Rose Gold,https://www.cigabuy.com/authentic-eleaf-mini-istick-2-kit-rose-gold-p-21759.html,,
Authentic Joyetech EVIO BOX Pod Kit - Blue PC Version,https://www.cigabuy.com/authentic-joyetech-evio-box-pod-kit-blue-pc-version-p-21765.html,,
5pcs Authentic Uwell Crown 3 5ML Sub-Ohm Tank Atomizer - Blue,https://www.cigabuy.com/5pcs-authentic-uwell-crown-3-5ml-sub-ohm-tank-atomizer-blue-p-21143.html,$10.65,$18.03 
Authentic Geekvape Obelisk 120 FC Z Zeus Tank Kit no Fast Charger - Gunmetal,https://www.cigabuy.com/authentic-geekvape-obelisk-120-fc-z-zeus-tank-kit-no-fast-charger-gunmetal-p-21089.html,,
Authentic Joyetech EVIO BOX Pod Kit - Jungle,https://www.cigabuy.com/authentic-joyetech-evio-box-pod-kit-jungle-p-21766.html,,
Authentic Geekvape Aegis Nano Pod Kit  - Camo Green,https://www.cigabuy.com/authentic-geekvape-aegis-nano-pod-kit-camo-green-p-21178.html,,
Authentic Eleaf Mini iStick 2 Mod - Rose Gold,https://www.cigabuy.com/authentic-eleaf-mini-istick-2-mod-rose-gold-p-21763.html,,
Authentic Eleaf Mini iStick 2 Kit - Grey,https://www.cigabuy.com/authentic-eleaf-mini-istick-2-kit-grey-p-21758.html,,
Authentic Eleaf iSolo R Pod Kit - Light Brown,https://www.cigabuy.com/authentic-eleaf-isolo-r-pod-kit-light-brown-p-20647.html,$20.60,$23.47 
Authentic Uwell Whirl T1 Pod Mod Kit - Black,https://www.cigabuy.com/authentic-uwell-whirl-t1-pod-mod-kit-black-p-21566.html,,
100pcs Cotton Wicks for Rebuildable Atomizer 20pcs/pack,https://www.cigabuy.com/100pcs-cotton-wicks-for-rebuildable-atomizer-20pcspack-p-21263.html,$18.91,$21.99 
H96 MAX TV Box RK3328 Quad Core 4G+32G Android 7.1 HD Dual WiFi BT Smart TV Box,https://www.cigabuy.com/h96-max-tv-box-rk3328-quad-core-4g32g-android-71-hd-dual-wifi-bt-smart-tv-box-p-21727.html,$16.55,$127.11 
Authentic SMOK IPX 80 Kit - Black Carbon Fiber,https://www.cigabuy.com/authentic-smok-ipx-80-kit-black-carbon-fiber-p-20612.html,$24.76,$28.21 
Authentic Geekvape Wenax C1 Kit - Grey,https://www.cigabuy.com/authentic-geekvape-wenax-c1-kit-grey-p-20494.html,$15.69,$23.15 
Authentic Eleaf Iore Lite Pod Kit Plastic Standard Edition - White,https://www.cigabuy.com/authentic-eleaf-iore-lite-pod-kit-plastic-standard-edition-white-p-21560.html,$7.33,$8.39 
Authentic Geekvape Aegis Hero Pod Mod Kit - Silver,https://www.cigabuy.com/authentic-geekvape-aegis-hero-pod-mod-kit-silver-p-19991.html,$25.45,$41.18 
Authentic Joyetech EVIO BOX Pod Kit - Black PC Version,https://www.cigabuy.com/authentic-joyetech-evio-box-pod-kit-black-pc-version-p-21764.html,,
Authentic Geekvape Z50 Kit - Rainbow,https://www.cigabuy.com/authentic-geekvape-z50-kit-rainbow-p-21335.html,,
Authentic Smoant SANTI Pod Kit - Full Black,https://www.cigabuy.com/authentic-smoant-santi-pod-kit-full-black-p-20317.html,,
3 x Authentic SMOK SCAR-P5 Empty Replacement RPM2 Pod,https://www.cigabuy.com/3-x-authentic-smok-scar-p5-empty-replacement-rpm2-pod-p-19364.html,$0.12,$5.41 
Authentic Horizon Adamats 930mAh Pod System Kit - Space Black,https://www.cigabuy.com/authentic-horizon-adamats-930mah-pod-system-kit-space-black-p-17738.html,,
K2 Colorful Screen Heart Rate Smart Bracelet IP68 Waterproof Long Standby Time,https://www.cigabuy.com/k2-colorful-screen-heart-rate-smart-bracelet-ip68-waterproof-long-standby-time-p-21643.html,$11.86,$40.89 
LF606 2.4Ghz Mini Fold Drone WiFi RC Drone,https://www.cigabuy.com/lf606-24ghz-mini-fold-drone-wifi-rc-drone-p-21734.html,$8.27,$20.84 
Authentic Geekvape G18 Starter Pen Kit - Wood,https://www.cigabuy.com/authentic-geekvape-g18-starter-pen-kit-wood-p-21771.html,,
Authentic SMOK IPX 80 Kit - Blue,https://www.cigabuy.com/authentic-smok-ipx-80-kit-blue-p-20614.html,$23.96,$26.77 
Authentic Uwell Crown 3 Sub-Ohm Tank TPD Edition - Blue+Purple,https://www.cigabuy.com/authentic-uwell-crown-3-sub-ohm-tank-tpd-edition-bluepurple-p-21248.html,$4.74,$7.29 
Authentic Aspire Zelos 3 Mod - Metallic Silver,https://www.cigabuy.com/authentic-aspire-zelos-3-mod-metallic-silver-p-21714.html,,
Ordro HDV-V12 1080p FHD Digital Camera DV Camcorder,https://www.cigabuy.com/ordro-hdv-v12-1080p-fhd-digital-camera-dv-camcorder-p-21736.html,$17.73,$75.66 
Authentic Geekvape Obelisk 120 FC MOD without Fast Charger - Blue,https://www.cigabuy.com/authentic-geekvape-obelisk-120-fc-mod-without-fast-charger-blue-p-21092.html,$50.50,$79.74 
2pcs Authentic Uwell Crown Pod 1250mAh Pod System Kit - Grey,https://www.cigabuy.com/2pcs-authentic-uwell-crown-pod-1250mah-pod-system-kit-grey-p-21238.html,$15.20,$19.47 
KUNHURNG Watch Men  Analog Sport Wristwatch Military Leather,https://www.cigabuy.com/kunhurng-watch-men-analog-sport-wristwatch-military-leather-p-21603.html,$3.56,$18.85 
Authentic SMOK IPX 80 Kit - Red,https://www.cigabuy.com/authentic-smok-ipx-80-kit-red-p-20615.html,,
Authentic SMOK ACRO Pod Kit - Black,https://www.cigabuy.com/authentic-smok-acro-pod-kit-black-p-20642.html,$20.76,$23.51 
JY011 2.4G Drone with WIFI FPV HD Camera Real time RC Quadcopter,https://www.cigabuy.com/jy011-24g-drone-with-wifi-fpv-hd-camera-real-time-rc-quadcopter-p-21725.html,$9.46,$107.32 
Baellerry Men Wallet Luxury Long Clutch Handy Bag Male PU Leather Purse,https://www.cigabuy.com/baellerry-men-wallet-luxury-long-clutch-handy-bag-male-pu-leather-purse-p-20149.html,,
Authentic VOOPOO Argus Pro 80W Pod Kit - Vintage Grey & Silver,https://www.cigabuy.com/authentic-voopoo-argus-pro-80w-pod-kit-vintage-grey-silver-p-20194.html,,
BT72 Bluetooth FM Transmitter,https://www.cigabuy.com/bt72-bluetooth-fm-transmitter-p-21132.html,$3.60,$8.62 
Authentic Wotofo Manik Mini Pod Kit - Gray,https://www.cigabuy.com/authentic-wotofo-manik-mini-pod-kit-gray-p-20626.html,$18.58,$34.88 
Authentic VOOPOO Argus Pro 80W Pod Kit - Carbon fiber & Black,https://www.cigabuy.com/authentic-voopoo-argus-pro-80w-pod-kit-carbon-fiber-black-p-20195.html,$29.04,$30.10 
NAVIFORCE Watches Mens Steel Business Dress Wrist Watch Waterproof Clock,https://www.cigabuy.com/naviforce-watches-mens-steel-business-dress-wrist-watch-waterproof-clock-p-21743.html,$1.18,$52.83 
Authentic SMOK ACRO Pod Kit - Blue Purple,https://www.cigabuy.com/authentic-smok-acro-pod-kit-blue-purple-p-20645.html,,
Authentic Uwell Whirl S Pen Kit - Blue,https://www.cigabuy.com/authentic-uwell-whirl-s-pen-kit-blue-p-20635.html,$24.68,$38.81 
Authentic Aspire Zelos 3 Mod - Gunmetal,https://www.cigabuy.com/authentic-aspire-zelos-3-mod-gunmetal-p-21715.html,,
Authentic Smoant Pasito 1100mAh Pod System Kit - Carbon Black,https://www.cigabuy.com/authentic-smoant-pasito-1100mah-pod-system-kit-carbon-black-p-15095.html,$22.24,$23.40 
2pcs Authentic Joyetech Riftcore Duo RTA 3.5ML - Blue,https://www.cigabuy.com/2pcs-authentic-joyetech-riftcore-duo-rta-35ml-blue-p-21261.html,$8.76,$12.16 
Authentic SMOK Novo 4 Pod Kit - Black Carbon Fiber,https://www.cigabuy.com/authentic-smok-novo-4-pod-kit-black-carbon-fiber-p-20732.html,$22.36,$24.67 
Authentic Steam Crave Aromamizer Plus V2 RDTA Basic Kit - Gunmetal,https://www.cigabuy.com/authentic-steam-crave-aromamizer-plus-v2-rdta-basic-kit-gunmetal-p-18329.html,$32.34,$59.10 
Authentic Vaporesso Luxe Q Kit - Black,https://www.cigabuy.com/authentic-vaporesso-luxe-q-kit-black-p-20678.html,,
Authentic IJOY PikGo Starter KIT 1300mAh - Black,https://www.cigabuy.com/authentic-ijoy-pikgo-starter-kit-1300mah-black-p-20131.html,,
Authentic SMOK MORPH POD-40 Pod Kit - Black Blue,https://www.cigabuy.com/authentic-smok-morph-pod-40-pod-kit-black-blue-p-20747.html,$29.23,$31.93 
Mini Infrared Induction Helicopter Hand Induction Flying Aircraft for Kids,https://www.cigabuy.com/mini-infrared-induction-helicopter-hand-induction-flying-aircraft-for-kids-p-21731.html,$3.55,$15.69 
Kingston TF Card 8GB Class 4 SDHC Mobile phone,https://www.cigabuy.com/kingston-tf-card-8gb-class-4-sdhc-mobile-phone-p-19758.html,$1.12,$16.53 
Authentic FreeMax Onnix 20W Kit - Black,https://www.cigabuy.com/authentic-freemax-onnix-20w-kit-black-p-20765.html,,
300pcs Demon Killer Slacker Cotton for RTA Building 60pcs/pack,https://www.cigabuy.com/300pcs-demon-killer-slacker-cotton-for-rta-building-60pcspack-p-21279.html,$10.46,$11.79 
Authentic Geekvape G18 Starter Pen Kit - Black,https://www.cigabuy.com/authentic-geekvape-g18-starter-pen-kit-black-p-21769.html,,
Mini 1200LM LED USB Rechargeable Tactical Flashlight,https://www.cigabuy.com/mini-1200lm-led-usb-rechargeable-tactical-flashlight-p-20801.html,$1.60,$14.65 
Authentic Geekvape Obelisk 120 FC MOD without Fast Charger - Black,https://www.cigabuy.com/authentic-geekvape-obelisk-120-fc-mod-without-fast-charger-black-p-21091.html,,
Authentic Vandyvape JACKAROO Mini Kit - Resin Blue Porcelain,https://www.cigabuy.com/authentic-vandyvape-jackaroo-mini-kit-resin-blue-porcelain-p-21777.html,,
Authentic Geekvape Mero AIO Kit - Silver,https://www.cigabuy.com/authentic-geekvape-mero-aio-kit-silver-p-20202.html,$19.04,$25.79 
20pcs Uwell Crown 3 0.5ohm Coil Head + 1pcs Free Crown 3 Sub-Ohm Tank Silver,https://www.cigabuy.com/20pcs-uwell-crown-3-05ohm-coil-head-1pcs-free-crown-3-sub-ohm-tank-silver-p-21161.html,$45.24,$51.80 
Authentic Joyetech EVIO C Pod Kit - Blue,https://www.cigabuy.com/authentic-joyetech-evio-pod-kit-blue-p-20617.html,,
Authentic Uwell Whirl S Pen Kit - Dark gray,https://www.cigabuy.com/authentic-uwell-whirl-s-pen-kit-dark-gray-p-20634.html,$24.68,$38.81 
20 x Authentic Wotofo Profile 0.18Ω Mesh Coil for Profile RDA 10pcs/pack,https://www.cigabuy.com/20-x-authentic-wotofo-profile-018Ω-mesh-coil-for-profile-rda-10pcspack-p-21688.html,$4.88,$9.44 
Authentic Geekvape G18 Starter Pen Kit - Blue,https://www.cigabuy.com/authentic-geekvape-g18-starter-pen-kit-blue-p-21770.html,,
Authentic Aspire Zelos 3 Mod - Blue,https://www.cigabuy.com/authentic-aspire-zelos-3-mod-blue-p-21716.html,,
Baellerry Men PU Leather Functional Long Wallet Vintage Purse Clutch Bag,https://www.cigabuy.com/baellerry-men-pu-leather-functional-long-wallet-vintage-purse-clutch-bag-p-18920.html,,
Zeblaze THOR 4 PRO 4G SmartWatch 1.6 inch Crystal Display Smart Watch,https://www.cigabuy.com/zeblaze-thor-4-pro-4g-smartwatch-16-inch-crystal-display-smart-watch-p-21428.html,$11.86,$88.08 
8 x Authentic Uwell Caliburn 2ml Replaced Pod Cartridge 4pcs/pack,https://www.cigabuy.com/8-x-authentic-uwell-caliburn-2ml-replaced-pod-cartridge-4pcspack-p-21693.html,$18.17,$19.17 
Authentic Geekvape Aegis Hero Pod Mod Kit - Red,https://www.cigabuy.com/authentic-geekvape-aegis-hero-pod-mod-kit-red-p-19993.html,$26.92,$41.18 
MK28 Sport Smart Watch Bluetooth 4.0 Waterproof Digital Watch Outdoor,https://www.cigabuy.com/mk28-sport-smart-watch-bluetooth-40-waterproof-digital-watch-outdoor-p-21601.html,$1.18,$28.43 
GASON A2 Electronic Digital  LCD Scale Large Glass Screen Backlit Display 400lb,https://www.cigabuy.com/gason-a2-electronic-digital-lcd-scale-large-glass-screen-backlit-display-400lb-p-21730.html,$1.18,$56.64 
20pcs Strong BBQ Kit BBQ Tools Camp Shovel Cooking Roast Fork Stainless Steel,https://www.cigabuy.com/20pcs-strong-bbq-kit-bbq-tools-camp-shovel-cooking-roast-fork-stainless-steel-p-20154.html,,
Authentic VOOPOO VINCI 2 Pod Kit - Velvet Blue,https://www.cigabuy.com/authentic-voopoo-vinci-2-pod-kit-velvet-blue-p-21270.html,,
5pcs Wood Grain Resin 810 Drip Tip - Black,https://www.cigabuy.com/5pcs-wood-grain-resin-810-drip-tip-black-p-21321.html,$8.33,$9.89 
Authentic Eleaf iSolo Air Kit - Red,https://www.cigabuy.com/authentic-eleaf-isolo-air-kit-red-p-20590.html,$26.16,$27.44 
Authentic SMOK RPM 4 Pod Kit - Black,https://www.cigabuy.com/authentic-smok-rpm-4-pod-kit-black-p-21164.html,,
Mini Bluetooth Earbud 6 Hour Playtime Car Headset with Mic for iPhone,https://www.cigabuy.com/mini-bluetooth-earbud-6-hour-playtime-car-headset-with-mic-for-iphone-p-19725.html,$1.19,$16.53 
1 x Authentic Vaporesso GTX RBA Coil,https://www.cigabuy.com/1-x-authentic-vaporesso-gtx-rba-coil-p-20218.html,,
Authentic Geekvape G18 Starter Pen Kit - SS,https://www.cigabuy.com/authentic-geekvape-g18-starter-pen-kit-ss-p-21768.html,,
Authentic Geekvape Obelisk 120 FC Zeus Tank Kit without Fast Charger - Blue,https://www.cigabuy.com/authentic-geekvape-obelisk-120-fc-zeus-tank-kit-without-fast-charger-blue-p-21088.html,$61.68,$99.70 
Authentic SMOK RPM 4 Pod Kit - Red Leather,https://www.cigabuy.com/authentic-smok-rpm-4-pod-kit-red-leather-p-21168.html,,
150pcs Demon Killer Slacker Cotton Hardcover for RTA Building 30pcs/pack,https://www.cigabuy.com/150pcs-demon-killer-slacker-cotton-hardcover-for-rta-building-30pcspack-p-21219.html,$10.91,$12.64 
0-150mm 6 Inch Plastic LCD Digital Electronic Carbon Fiber Vernier Caliper,https://www.cigabuy.com/0-150mm-6-inch-plastic-lcd-digital-electronic-carbon-fiber-vernier-caliper-p-14954.html,$3.01,$9.72 
Cotton Scarf Women Solid Color Fringed Scarf,https://www.cigabuy.com/cotton-scarf-women-solid-color-fringed-scarf-p-15423.html,$3.52,$4.94 
Authentic Eleaf iSolo Air Kit - Dark Brown,https://www.cigabuy.com/authentic-eleaf-isolo-air-kit-dark-brown-p-20593.html,$26.16,$27.44 
20 x Vandy Vape Ni80 Triple Fused Clapton Coil 28ga*3+38ga 0.41ohm 10pcs/pack,https://www.cigabuy.com/20-x-vandy-vape-ni80-triple-fused-clapton-coil-28ga338ga-041ohm-10pcspack-p-21691.html,$6.22,$10.16 
Authentic Geekvape Aegis Nano Pod Kit  - Camo Silver,https://www.cigabuy.com/authentic-geekvape-aegis-nano-pod-kit-camo-silver-p-21179.html,,
Home Security System Alarm Voice Acousto-optic Siren 433MHz,https://www.cigabuy.com/home-security-system-alarm-voice-acousto-optic-siren-433mhz-p-21719.html,$1.18,$71.78 
S610 Portable Outdoor Waterproof Bluetooth Speaker,https://www.cigabuy.com/s610-portable-outdoor-waterproof-bluetooth-speaker-p-21738.html,$14.19,$63.09 
Authentic Suorin Air Mod Pod Kit - Gunmetal,https://www.cigabuy.com/authentic-suorin-air-mod-pod-kit-gunmetal-p-21317.html,,
Portable Waterproof Outdoor Wireless Car Bluetooth Speaker for iPhone Xiaomi,https://www.cigabuy.com/portable-waterproof-outdoor-wireless-car-bluetooth-speaker-for-iphone-xiaomi-p-21732.html,$2.36,$15.37 
10 x Vandyvape Dual M Prebuilt Wire Coil 0.12ohm,https://www.cigabuy.com/10-x-vandyvape-dual-prebuilt-wire-coil-012ohm-p-16372.html,,
4pcs Authentic Uwell Caliburn G Pod Cartridges 2pcs/pack,https://www.cigabuy.com/4pcs-authentic-uwell-caliburn-g-pod-cartridges-2pcspack-p-21695.html,,
5-in-1 Multi-Functional Mini Handheld Car Air Pump,https://www.cigabuy.com/5-in-1-multi-functional-mini-handheld-car-air-pump-p-14854.html,$4.42,$29.54 
5 x Authentic Vaporesso GTX 1.2ohm Regular Coil,https://www.cigabuy.com/5-x-authentic-vaporesso-gtx-12ohm-regular-coil-p-20263.html,,
Original Xiaomi Wired Remote Control Selfie Monopod f iOS and Android,https://www.cigabuy.com/original-xiaomi-wired-remote-control-selfie-monopod-f-ios-and-android-p-21718.html,$3.55,$21.37 
P1 DLP LED Projector 30 Lumens 640 x 360 Pixels 1080P Micro Projector,https://www.cigabuy.com/p1-dlp-led-projector-30-lumens-640-x-360-pixels-1080p-micro-projector-p-21720.html,$35.46,$164.49 
Authentic Joyetech EVIO BOX Pod Kit - Flame,https://www.cigabuy.com/authentic-joyetech-evio-box-pod-kit-flame-p-21767.html,,
5 x Authentic Voopoo Uforce N1 Single Meshed 0.13ohm Coil Head,https://www.cigabuy.com/5-x-authentic-voopoo-uforce-n1-single-meshed-013ohm-coil-head-p-13852.html,$9.74,$11.45 
10pcs Authentic VOOPOO PnP-VM1 Mesh Coil 0.3ohm 5pcs/pack,https://www.cigabuy.com/10pcs-authentic-voopoo-pnp-vm1-mesh-coil-03ohm-5pcspack-p-21689.html,$18.59,$20.01 
Authentic Vandyvape JACKAROO Mini Kit - G10 Obsidian Black,https://www.cigabuy.com/authentic-vandyvape-jackaroo-mini-kit-g10-obsidian-black-p-21775.html,,
Authentic Vandyvape JACKAROO Mini Kit - Stripy Black,https://www.cigabuy.com/authentic-vandyvape-jackaroo-mini-kit-stripy-black-p-21776.html,,
Y5 Color Screen Wristband Watch Smart Electronics Bracelet,https://www.cigabuy.com/y5-color-screen-wristband-watch-smart-electronics-bracelet-p-21131.html,$3.56,$8.82 
Authentic Wotofo Manik Mini Pod Kit - Black,https://www.cigabuy.com/authentic-wotofo-manik-mini-pod-kit-black-p-20625.html,$18.58,$34.88 
Send Money for Special Payments -Different Fees as Description,https://www.cigabuy.com/send-money-for-special-payments-different-fees-as-description-p-2874.html,,
Swan Base Holder Dinnerware Set with 5 Forks and 5 Spoons - Gold,https://www.cigabuy.com/swan-base-holder-dinnerware-set-with-5-forks-and-5-spoons-gold-p-21308.html,$6.70,$24.02 
Authentic SMOK IPX 80 Kit - Grey,https://www.cigabuy.com/authentic-smok-ipx-80-kit-grey-p-20613.html,,
Authentic Uwell Whirl S Pen Kit - Iridescent,https://www.cigabuy.com/authentic-uwell-whirl-s-pen-kit-iridescent-p-20636.html,$24.36,$38.81 
P47 On Ear Wireless Bluetooth 5.0 Headphones Dynamic Plastic Cell Phone Headset,https://www.cigabuy.com/p47-on-ear-wireless-bluetooth-50-headphones-dynamic-plastic-cell-phone-headset-p-14860.html,$3.58,$4.10 
Authentic Vaporesso GTX GO 40 Kit - Matte Grey,https://www.cigabuy.com/authentic-vaporesso-gtx-go-40-kit-matte-grey-p-21289.html,,
Authentic VOOPOO SEAL Pod Kit - Dark Brown,https://www.cigabuy.com/authentic-voopoo-seal-pod-kit-dark-brown-p-21641.html,,
HBQ i7 TWS Wireless Bluetooth Headphone V4.2 Binaural Earphone,https://www.cigabuy.com/hbq-i7-tws-wireless-bluetooth-headphone-v42-binaural-earphone-p-21660.html,$2.38,$21.49 
Authentic Uwell Crown Pod 1250mAh Pod System Kit - Grey+Red,https://www.cigabuy.com/authentic-uwell-crown-pod-1250mah-pod-system-kit-greyred-p-21242.html,$15.20,$19.47 
Night Light Multi-Color Star Projector Plush,https://www.cigabuy.com/night-light-multi-color-star-projector-plush-p-20715.html,,
Authentic Joyetech EVIO C Pod Kit - Green,https://www.cigabuy.com/authentic-joyetech-evio-pod-kit-green-p-20618.html,,
10 x Authentic Wotofo nexMESH Clapton Ni80 + A1 0.2ohm Coil 5pcs/pack,https://www.cigabuy.com/10-x-authentic-wotofo-nexmesh-clapton-ni80-a1-02ohm-coil-5pcspack-p-21687.html,,
Authentic VOOPOO SEAL Pod Kit - Ash Grey,https://www.cigabuy.com/authentic-voopoo-seal-pod-kit-ash-grey-p-21640.html,,
K680 Rechargeable Wireless Gaming Keyboard and Mouse Set With LED Kit Combos,https://www.cigabuy.com/k680-rechargeable-wireless-gaming-keyboard-and-mouse-set-with-led-kit-combos-p-18926.html,,
Authentic Joyetech EVIO C Pod Kit - Grey,https://www.cigabuy.com/authentic-joyetech-evio-pod-kit-grey-p-20619.html,,
5pcs 2.5 Feet Authentic VandyVape Vape Cotton Loops,https://www.cigabuy.com/5pcs-25-feet-authentic-vandyvape-vape-cotton-loops-p-21218.html,$5.99,$7.98 
5pcs Wood Grain Resin 510 Drip Tip - Black,https://www.cigabuy.com/5pcs-wood-grain-resin-510-drip-tip-black-p-21281.html,$6.55,$7.99 
Frame Stand Bracket Exercise Tool Gym Workout Fitness Muscle Training Hot,https://www.cigabuy.com/frame-stand-bracket-exercise-tool-gym-workout-fitness-muscle-training-hot-p-21129.html,$1.19,$2.87 
Authentic FreeMax Onnix 20W Kit - Gunmetal,https://www.cigabuy.com/authentic-freemax-onnix-20w-kit-gunmetal-p-20768.html,,
2pcs Authentic Uwell Crown 3 5ML Sub-Ohm Tank Atomizer - Purple,https://www.cigabuy.com/2pcs-authentic-uwell-crown-3-5ml-sub-ohm-tank-atomizer-purple-p-21256.html,$4.74,$7.29 
Authentic Steam Crave Hadron Pro DNA250C 400W MOD - Black,https://www.cigabuy.com/authentic-steam-crave-hadron-pro-dna250c-400w-mod-black-p-21505.html,,
T10 Bluetooth Headsets Wireless Earbuds 5.0 TWS Earphone,https://www.cigabuy.com/t10-bluetooth-headsets-wireless-earbuds-50-tws-earphone-p-19735.html,$7.15,$9.53 
10pcs Authentic Uwell Crown Pod 1250mAh Pod System Kit - Black,https://www.cigabuy.com/10pcs-authentic-uwell-crown-pod-1250mah-pod-system-kit-black-p-21141.html,$66.93,$96.45 
Authentic Geekvape Obelisk 120 FC MOD without Fast Charger - SS,https://www.cigabuy.com/authentic-geekvape-obelisk-120-fc-mod-without-fast-charger-ss-p-21094.html,,
Luxury Women Watches,https://www.cigabuy.com/luxury-women-watches-p-21587.html,$1.19,$6.71 
5pcs 1.6ml eGo-CE4 Clearomizer Plastic Drip Tip,https://www.cigabuy.com/5pcs-16ml-ego-ce4-clearomizer-plastic-drip-tip-p-21278.html,$2.65,$4.19 
Authentic Vandyvape JACKAROO Mini Kit - Resin Red Agate,https://www.cigabuy.com/authentic-vandyvape-jackaroo-mini-kit-resin-red-agate-p-21778.html,,
Smart Digital Alarm Clock Large LCD Screen Big Digit Backlit,https://www.cigabuy.com/smart-digital-alarm-clock-large-lcd-screen-big-digit-backlit-p-20921.html,$3.44,$11.69 
Authentic SMOK G-PRIV Pod Kit - Nano Chrome,https://www.cigabuy.com/authentic-smok-g-priv-pod-kit-nano-chrome-p-21637.html,,
Mini I8X Wireless Bluetooth V4.2 In-Ear Headphone for iPhone 6 - Right Earbuds,https://www.cigabuy.com/mini-i8x-wireless-bluetooth-v42-in-ear-headphone-for-iphone-6-right-earbuds-p-21404.html,$1.19,$3.53 
Authentic VOOPOO Argus Air Pod Kit - Desert Camouflage,https://www.cigabuy.com/authentic-voopoo-argus-air-pod-kit-desert-camouflage-p-19271.html,$21.34,$24.70 
MEGIR 2028G Men Watch Quartz Leather Watch,https://www.cigabuy.com/megir-2028g-men-watch-quartz-leather-watch-p-18781.html,$3.56,$13.21 
Multi-function Led Digital Alarm Clock Night Light Thermometer Mirror,https://www.cigabuy.com/multi-function-led-digital-alarm-clock-night-light-thermometer-mirror-p-21722.html,$2.36,$41.33 
10pcs Authentic Uwell Crown Pod 1250mAh Pod System Kit - Grey,https://www.cigabuy.com/10pcs-authentic-uwell-crown-pod-1250mah-pod-system-kit-grey-p-21142.html,$66.93,$96.45 
Authentic Vaporesso Luxe Q Pod Kit - White,https://www.cigabuy.com/authentic-vaporesso-luxe-q-pod-kit-white-p-20665.html,,
Authentic Eleaf Iore Lite Pod Kit Plastic Standard Edition - Black,https://www.cigabuy.com/authentic-eleaf-iore-lite-pod-kit-plastic-standard-edition-black-p-21557.html,,
Portable Ultrasonic Mosquito Repellent Bracelet Silicone Strap IP65 Waterproof,https://www.cigabuy.com/portable-ultrasonic-mosquito-repellent-bracelet-silicone-strap-ip65-waterproof-p-21600.html,$1.19,$8.62 
20pcs Uwell Crown 3 0.25ohm Coil Head + 1pcs Free Crown 3 Sub-Ohm Tank Silver,https://www.cigabuy.com/20pcs-uwell-crown-3-025ohm-coil-head-1pcs-free-crown-3-sub-ohm-tank-silver-p-21160.html,$45.24,$51.80 
Authentic Uwell Whirl T1 Pod Mod Kit - Dark Blue,https://www.cigabuy.com/authentic-uwell-whirl-t1-pod-mod-kit-dark-blue-p-21568.html,,
BASEUS Metal Cable w/ Indicator 8Pin 2A Fast Charging/ Data Sync,https://www.cigabuy.com/baseus-metal-cable-w-indicator-8pin-2a-fast-charging-data-sync-p-21417.html,,
Authentic Uwell Whirl T1 Pod Mod Kit - Grey,https://www.cigabuy.com/authentic-uwell-whirl-t1-pod-mod-kit-grey-p-21569.html,,
30-LED Portable Collapsible Outdoor Camping Light Hanging Lantern,https://www.cigabuy.com/30-led-portable-collapsible-outdoor-camping-light-hanging-lantern-p-14948.html,$1.68,$2.06 
Authentic Geekvape Wenax C1 Kit - Blue,https://www.cigabuy.com/authentic-geekvape-wenax-c1-kit-blue-p-20495.html,$15.69,$23.15 
Authentic SMOK Nord 4 Pod Kit 2000mAh - Black,https://www.cigabuy.com/authentic-smok-nord-4-pod-kit-2000mah-black-p-20369.html,,
F1 In Ear/ Earhook Earphones IP5X Waterproof Headphone Super Bass Sport Headset,https://www.cigabuy.com/f1-in-ear-earhook-earphones-ip5x-waterproof-headphone-super-bass-sport-headset-p-19779.html,$3.58,$4.31 
Authentic SMOK RPM 4 Pod Kit - Pale Champagne,https://www.cigabuy.com/authentic-smok-rpm-4-pod-kit-pale-champagne-p-21165.html,,
Authentic Geekvape Wenax K1 Pod Kit - Gunmetal,https://www.cigabuy.com/authentic-geekvape-wenax-k1-pod-kit-gunmetal-p-20596.html,$15.71,$24.94 
Authentic Eleaf iSolo R Pod Kit - Dark Brown,https://www.cigabuy.com/authentic-eleaf-isolo-r-pod-kit-dark-brown-p-20646.html,,
Mini Foldable Handle Hair Dryer Portable Folding Blow Dryer Low Noise,https://www.cigabuy.com/mini-foldable-handle-hair-dryer-portable-folding-blow-dryer-low-noise-p-15431.html,$1.99,$2.52 
8 x Authentic Uwell Crown 5 FeCrAl UN2 Single Meshed Coil 0.23ohm 4pcs/pack,https://www.cigabuy.com/8-x-authentic-uwell-crown-5-fecral-un2-single-meshed-coil-023ohm-4pcspack-p-21692.html,,
Authentic Uwell Whirl T1 Pod Mod Kit - Camouflage,https://www.cigabuy.com/authentic-uwell-whirl-t1-pod-mod-kit-camouflage-p-21567.html,,
SanDisk A1 16GB UHS-I / Class 10 up to 98MB / s Micro SDHC Memory Card,https://www.cigabuy.com/sandisk-a1-16gb-uhs-class-10-up-to-98mb-s-micro-sdhc-memory-card-p-17561.html,,
Super Mini BluetoothV4.1+EDR Earbud HD Sound Simple Style,https://www.cigabuy.com/super-mini-bluetoothv41edr-earbud-hd-sound-simple-style-p-19768.html,$1.18,$11.32 
In Ear / Earhook Style Earphones IP5X Waterproof Headphone HiFi Super Bass,https://www.cigabuy.com/in-ear-earhook-style-earphones-ip5x-waterproof-headphone-hifi-super-bass-p-21659.html,$2.38,$5.55 
H96 MAX RK3318 4GB RAM 64GB ROM 5G WIFI bluetooth 4.0 Android 9.0 4K TV Box,https://www.cigabuy.com/h96-max-rk3318-4gb-ram-64gb-rom-5g-wifi-bluetooth-40-android-90-4k-tv-box-p-21739.html,$23.64,$78.80 
SMAEL Men Watches Sport Watch LED Digital 50M Waterproof Casual Watch,https://www.cigabuy.com/smael-men-watches-sport-watch-led-digital-50m-waterproof-casual-watch-p-21742.html,$5.91,$14.99 
S36 Earphone Heavy Bass In-Ear Earphones Music Headset Microphone 3.5mm,https://www.cigabuy.com/s36-earphone-heavy-bass-in-ear-earphones-music-headset-microphone-35mm-p-19796.html,$1.19,$1.60 
Authentic SMOK G-PRIV Pod Kit - Matte Black,https://www.cigabuy.com/authentic-smok-g-priv-pod-kit-matte-black-p-21635.html,,
Authentic SMOK G-PRIV Pod Kit - Nano Gunmetal,https://www.cigabuy.com/authentic-smok-g-priv-pod-kit-nano-gunmetal-p-21638.html,,
Authentic SMOK Nord 4 Pod Kit 2000mAh - Fluid Black Grey,https://www.cigabuy.com/authentic-smok-nord-4-pod-kit-2000mah-fluid-black-grey-p-20371.html,,
DUBERY 103 Polarized Sunglasses Men Driving Shades Male Retro Sun Glasses,https://www.cigabuy.com/dubery-103-polarized-sunglasses-men-driving-shades-male-retro-sun-glasses-p-18921.html,,
Authentic SMOK Thiner Pod Kit - Grey,https://www.cigabuy.com/authentic-smok-thiner-pod-kit-grey-p-21546.html,,
QCY MINI 2 Super Mini Earbud Bluetooth 5.0 Earphone Wireless Music  Headset,https://www.cigabuy.com/qcy-mini-2-super-mini-earbud-bluetooth-50-earphone-wireless-music-headset-p-14555.html,$3.58,$20.64 
Authentic Uwell Tripod PCC Pod Kit 370mAh + 1000mAh - Black,https://www.cigabuy.com/authentic-uwell-tripod-pcc-pod-kit-370mah-1000mah-black-p-20356.html,$27.75,$38.08 
23-in-1 Precision Mini Ratchet Screwdriver Bits Set,https://www.cigabuy.com/23-in-1-precision-mini-ratchet-screwdriver-bits-set-p-21458.html,,
Authentic IJOY Captain AirGo Pod Kit - Army Camo,https://www.cigabuy.com/authentic-ijoy-captain-airgo-pod-kit-army-camo-p-21563.html,,
Authentic Vaporesso Luxe 80 Pod kit - Carbon Fiber,https://www.cigabuy.com/authentic-vaporesso-luxe-80-pod-kit-carbon-fiber-p-21536.html,,
YWXLIGHT 5W Mini COB+Q5 LED Flashlight 4 Modes Portable Camp Torch with Clip,https://www.cigabuy.com/ywxlight-5w-mini-cobq5-led-flashlight-4-modes-portable-camp-torch-with-clip-p-21729.html,$2.36,$5.55 
LED Smart Wristband 3D Pedometer Activity Tracker Sleep Heart Rate Monitor,https://www.cigabuy.com/led-smart-wristband-3d-pedometer-activity-tracker-sleep-heart-rate-monitor-p-21579.html,$3.56,$16.30 
XT22 Wireless bluetooth Earphone Magnetic Adsorption TF Card Sports Headphone,https://www.cigabuy.com/xt22-wireless-bluetooth-earphone-magnetic-adsorption-tf-card-sports-headphone-p-21670.html,$2.38,$6.48 
X96 Mini Android 7.1 TV BOX 1GB 8GB Amlogic S905W Quad Core WiFi,https://www.cigabuy.com/x96-mini-android-71-tv-box-1gb-8gb-amlogic-s905w-quad-core-wifi-p-21159.html,$13.84,$16.45 
Authentic Vaporesso Luxe 80 Pod kit - Gorilla,https://www.cigabuy.com/authentic-vaporesso-luxe-80-pod-kit-gorilla-p-21538.html,,
Authentic Uwell Aeglos Pod Kit - Black,https://www.cigabuy.com/authentic-uwell-aeglos-pod-kit-black-p-20286.html,$15.97,$40.06 
Baellerry Men Wallet Short Fashion Simple PU Leather Wallet Card Holder,https://www.cigabuy.com/baellerry-men-wallet-short-fashion-simple-pu-leather-wallet-card-holder-p-18474.html,,
SJ4000 480P Camera 1.3MP 30M Waterproof Sports Action Camera,https://www.cigabuy.com/sj4000-480p-camera-13mp-30m-waterproof-sports-action-camera-p-21196.html,,
Authentic SMOK Stick R22 Pod Kit - Stainless Steel,https://www.cigabuy.com/authentic-smok-stick-r22-pod-kit-stainless-steel-p-21517.html,,
Authentic FreeMax Marvos T 80W Pod Kit - Black,https://www.cigabuy.com/authentic-freemax-marvos-t-80w-pod-kit-black-p-21234.html,,
Authentic SMOK Nord 4 Pod Kit 2000mAh - Blue,https://www.cigabuy.com/authentic-smok-nord-4-pod-kit-2000mah-blue-p-20370.html,,
5pcs Wood Grain Resin 810 Drip Tip - Red,https://www.cigabuy.com/5pcs-wood-grain-resin-810-drip-tip-red-p-21282.html,$8.78,$10.16 
Self Defense Pen Tool Personal Tactical Pen Multipurpose Aviation Aluminum,https://www.cigabuy.com/self-defense-pen-tool-personal-tactical-pen-multipurpose-aviation-aluminum-p-21021.html,$2.50,$5.51 
3.5mm Stereo Woven Fiber Cloth Line Headset,https://www.cigabuy.com/35mm-stereo-woven-fiber-cloth-line-headset-p-21661.html,$1.19,$3.00 
110 in 1 Screwdriver Set Mini Electric Precision Screwdriver Multi Computer PC,https://www.cigabuy.com/110-in-1-screwdriver-set-mini-electric-precision-screwdriver-multi-computer-pc-p-21444.html,,
Men Women Outdoor Sports Running Wireless Bluetooth Earphone,https://www.cigabuy.com/men-women-outdoor-sports-running-wireless-bluetooth-earphone-p-21664.html,$4.77,$13.24 
TWS Wireless Earphones Bluetooth 5.0 with Mic Stereo Handsfree,https://www.cigabuy.com/tws-wireless-earphones-bluetooth-50-with-mic-stereo-handsfree-p-21193.html,$5.96,$7.51 
SOOCOO S80 1.5'' 1080P Action Camera Waterproof Build-in WIFI Sports Cam DV,https://www.cigabuy.com/soocoo-s80-15-1080p-action-camera-waterproof-build-in-wifi-sports-cam-dv-p-21403.html,$14.98,$47.12 
QCY T1 PRO TWS Dual Bluetooth Earphones IPX4 Waterproof Headphones,https://www.cigabuy.com/qcy-t1-pro-tws-dual-bluetooth-earphones-ipx4-waterproof-headphones-p-13806.html,$11.92,$33.76 
V380 Wi-Fi 720P IP Security P2P Camera w Night Vision Two Way,https://www.cigabuy.com/v380-wi-fi-720p-ip-security-p2p-camera-w-night-vision-two-way-p-21398.html,$5.75,$15.70 
Authentic SMOK ACRO Pod Kit - Grey,https://www.cigabuy.com/authentic-smok-acro-pod-kit-grey-p-20643.html,,
Sothing Mosquito Swatter Portable Rechargeable Electric Mosquito Killer,https://www.cigabuy.com/sothing-mosquito-swatter-portable-rechargeable-electric-mosquito-killer-p-18666.html,,
USB C Hub Adapter Type C 4 in 1 Multi Port OTG Combo Charger Hub,https://www.cigabuy.com/usb-hub-adapter-type-4-in-1-multi-port-otg-combo-charger-hub-p-20864.html,$1.40,$9.25 
Waterproof Children Watches Students Digital LED Quartz Alarm Sports Wrist Watch,https://www.cigabuy.com/waterproof-children-watches-students-digital-led-quartz-alarm-sports-wrist-watch-p-21581.html,$1.19,$7.36 
28Pcs Household Hardware Tool Carbon Steel Screwdriver Combination Tool,https://www.cigabuy.com/28pcs-household-hardware-tool-carbon-steel-screwdriver-combination-tool-p-19202.html,,
Authentic SMOK RPM 4 Pod Kit - Blue Leather,https://www.cigabuy.com/authentic-smok-rpm-4-pod-kit-blue-leather-p-21167.html,,
Bluetooth 4.1 Headphone Wireless Mini Invisible In-Ear Bluetooth Earbud With Mic,https://www.cigabuy.com/bluetooth-41-headphone-wireless-mini-invisible-in-ear-bluetooth-earbud-with-mic-p-19726.html,$1.19,$19.14 
Authentic Vaporesso Luxe Q Kit - Brown,https://www.cigabuy.com/authentic-vaporesso-luxe-q-kit-brown-p-20666.html,,
Authentic IJOY Captain AirGo Pod Kit - Blue,https://www.cigabuy.com/authentic-ijoy-captain-airgo-pod-kit-blue-p-21562.html,,
E14 In-ear style 3.5mm Hifi Super Bass Wired Earphone with Microphone,https://www.cigabuy.com/e14-in-ear-style-35mm-hifi-super-bass-wired-earphone-with-microphone-p-19784.html,$1.19,$2.59 
TWS Bluetooth 5.0 Earphone True Wireless Earphones In-Ear Stereo Earbuds,https://www.cigabuy.com/tws-bluetooth-50-earphone-true-wireless-earphones-in-ear-stereo-earbuds-p-19473.html,$10.73,$14.81 
Mens Womens Money Clip PU Leather Wallet Ultra Slim Credit Card Holder Pouch,https://www.cigabuy.com/mens-womens-money-clip-pu-leather-wallet-ultra-slim-credit-card-holder-pouch-p-20850.html,$2.51,$5.65 
9-in-1 LED Zoomable Focus Torch Flashlight,https://www.cigabuy.com/9-in-1-led-zoomable-focus-torch-flashlight-p-21737.html,$2.36,$13.90 
E6 Mini Magnetic USB Invisible Bluetooth V4.2 Earphone,https://www.cigabuy.com/e6-mini-magnetic-usb-invisible-bluetooth-v42-earphone-p-19731.html,$2.38,$6.92 
S23 Smart Watch Outdoor Sports Time GPS Tracker Riding Mode IP67,https://www.cigabuy.com/s23-smart-watch-outdoor-sports-time-gps-tracker-riding-mode-ip67-p-21394.html,$5.93,$49.19 
BS118 Bluetooth Speaker Dual Loudpeakers Subwoofer Outdoor Portable TF FM USB,https://www.cigabuy.com/bs118-bluetooth-speaker-dual-loudpeakers-subwoofer-outdoor-portable-tf-fm-usb-p-21451.html,,
SanDisk CZ73 64GB USB3.0 Flash Memory Drives U-disk,https://www.cigabuy.com/sandisk-cz73-64gb-usb30-flash-memory-drives-u-disk-p-21402.html,$7.11,$12.78 
Car Dashboard Digital LCD Clock Calendar,https://www.cigabuy.com/car-dashboard-digital-lcd-clock-calendar-p-20932.html,$1.60,$8.14 
Portable Manual Ceramic Coffee Grinder Washable Mini Manual Hand Coffee,https://www.cigabuy.com/portable-manual-ceramic-coffee-grinder-washable-mini-manual-hand-coffee-p-21733.html,$3.55,$19.45 
Authentic SMOK MORPH POD-40 Pod Kit - Black,https://www.cigabuy.com/authentic-smok-morph-pod-40-pod-kit-black-p-20748.html,$28.86,$31.71 
2pcs Authentic Uwell Crown Pod 1250mAh Pod System Kit - Black,https://www.cigabuy.com/2pcs-authentic-uwell-crown-pod-1250mah-pod-system-kit-black-p-21239.html,$15.20,$19.47 
Authentic Vaporesso Luxe Q Kit - Black,https://www.cigabuy.com/authentic-vaporesso-luxe-q-kit-black-p-20669.html,,
"1,99€ Gift Box for Father's Day",https://www.cigabuy.com/199€-gift-box-for-fathers-day-p-21503.html,,
1/2/4 pcs EU Plug Digital Display Energy Saving Timer Programmable Timer Socket,https://www.cigabuy.com/124-pcs-eu-plug-digital-display-energy-saving-timer-programmable-timer-socket-p-17563.html,$2.94,$5.08 
S450 3.5mm Foldable Wireless Stereo Bluetooth Headphone w/ TF FM,https://www.cigabuy.com/s450-35mm-foldable-wireless-stereo-bluetooth-headphone-w-tf-fm-p-19818.html,$2.38,$7.78 
8 x Authentic Uwell CROWN 4 IV Coil Head 0.4ohm 4pcs/pack,https://www.cigabuy.com/8-x-authentic-uwell-crown-4-iv-coil-head-04ohm-4pcspack-p-21694.html,,
5pcs Replacement Artificial Jade Drip Tip for 510 Atomizer - White,https://www.cigabuy.com/5pcs-replacement-artificial-jade-drip-tip-for-510-atomizer-white-p-21283.html,$15.20,$17.22 
Authentic Geekvape Obelisk 60 Pod Kit - Silver & Green,https://www.cigabuy.com/authentic-geekvape-obelisk-60-pod-kit-silver-green-p-21176.html,,
H96 Android 6.0 TV Box Quad Core RK3229 Ultra HD 4K Media Player,https://www.cigabuy.com/h96-android-60-tv-box-quad-core-rk3229-ultra-hd-4k-media-player-p-21405.html,$14.58,$21.56 
Authentic SMOK Stick N18 Pod Kit - Stainless Steel,https://www.cigabuy.com/authentic-smok-stick-n18-pod-kit-stainless-steel-p-21510.html,,
Bluetooth Headphone Kissral Wireless Sport Earbud,https://www.cigabuy.com/bluetooth-headphone-kissral-wireless-sport-earbud-p-19727.html,$1.19,$11.32 
2pcs 100 LED Solar Light  Solar Lamp Powered Sunlight 3 Modes PIR Motion Sensor,https://www.cigabuy.com/2pcs-100-led-solar-light-solar-lamp-powered-sunlight-3-modes-pir-motion-sensor-p-21360.html,$5.23,$7.33 
i8 Mini In-Ear 180° Rotation Bluetooth Wireless Earbud Earphone ,https://www.cigabuy.com/i8-mini-in-ear-180°-rotation-bluetooth-wireless-earbud-earphone-p-19777.html,$1.19,$16.53 
Passport and Document Holder Multifunctional Wallet Organizer,https://www.cigabuy.com/passport-and-document-holder-multifunctional-wallet-organizer-p-20792.html,$0.79,$9.63 
Piston Classic In-Ear Headphones for XIAOMI 1 More,https://www.cigabuy.com/piston-classic-in-ear-headphones-for-xiaomi-1-more-p-21452.html,,
Work Light Portable Flashlight 360°-Rotating Hook Magnetic Base,https://www.cigabuy.com/work-light-portable-flashlight-360°-rotating-hook-magnetic-base-p-20803.html,$2.66,$21.54 
Mens Nylon Belts Alloy Buckle Waistband Casual Canvas Jeans Belts,https://www.cigabuy.com/mens-nylon-belts-alloy-buckle-waistband-casual-canvas-jeans-belts-p-21454.html,,
W30 IP67 Smart Watch Heart Rate Monitor Fitness Tracker Smart Wristband  - B,https://www.cigabuy.com/w30-ip67-smart-watch-heart-rate-monitor-fitness-tracker-smart-wristband-b-p-21584.html,$5.93,$80.79 
Front Pocket RFID Blocking Wallet,https://www.cigabuy.com/front-pocket-rfid-blocking-wallet-p-20918.html,$1.19,$7.66 
30W Portable USB Charging LED Night Light COB Spot Rechargeable Solar COB Light,https://www.cigabuy.com/30w-portable-usb-charging-led-night-light-cob-spot-rechargeable-solar-cob-light-p-21447.html,,
1/4/6 pcs Pill Box Organizer w/ 7 Single Box and 4 Daily Organizer Color Random,https://www.cigabuy.com/146-pcs-pill-box-organizer-w-7-single-box-and-4-daily-organizer-color-random-p-20814.html,$1.40,$11.06 
Authentic Geekvape Obelisk 60 Pod Kit - SS & Blue,https://www.cigabuy.com/authentic-geekvape-obelisk-60-pod-kit-ss-blue-p-21175.html,,
Authentic Eleaf iSolo Air Kit - Light Brown,https://www.cigabuy.com/authentic-eleaf-isolo-air-kit-light-brown-p-20592.html,,
Men Watches Auto Date Chronograph Quartz Watch Sport Strap Watch,https://www.cigabuy.com/men-watches-auto-date-chronograph-quartz-watch-sport-strap-watch-p-19241.html,$1.19,$2.72 
Authentic Geekvape Wenax C1 Kit - Black,https://www.cigabuy.com/authentic-geekvape-wenax-c1-kit-black-p-20493.html,$16.48,$23.15 
Swan Base Holder Dinnerware Set with 10 Forks - Silver,https://www.cigabuy.com/swan-base-holder-dinnerware-set-with-10-forks-silver-p-21311.html,$5.18,$24.02 
Swan Base Holder Dinnerware Set with 10 Spoons - Gold,https://www.cigabuy.com/swan-base-holder-dinnerware-set-with-10-spoons-gold-p-21313.html,$6.70,$24.02 
Baseus E06 Dogz Bluetooth Speaker Portable Mini Bluetooth Speaker,https://www.cigabuy.com/baseus-e06-dogz-bluetooth-speaker-portable-mini-bluetooth-speaker-p-21128.html,$1.19,$7.67 
Authentic SMOK Novo 4 Pod Kit - Silver Carbon Fiber,https://www.cigabuy.com/authentic-smok-novo-4-pod-kit-silver-carbon-fiber-p-20731.html,,
Multifunction Stainless Steel Julienne Peeler Vegetable Peeler Double Planing,https://www.cigabuy.com/multifunction-stainless-steel-julienne-peeler-vegetable-peeler-double-planing-p-21415.html,,
Single USB QC3.0 Wall Charger Adapter,https://www.cigabuy.com/single-usb-qc30-wall-charger-adapter-p-21735.html,$1.18,$10.31 
Unisex Date Time Watch Quartz Casual Steel Brand Luxury Modern Fashion Men Women,https://www.cigabuy.com/unisex-date-time-watch-quartz-casual-steel-brand-luxury-modern-fashion-men-women-p-21595.html,$1.19,$9.27 
300Mbps Wireless WIFI Router 802.11b/g/n,https://www.cigabuy.com/300mbps-wireless-wifi-router-80211bgn-p-21436.html,$7.33,$11.50 
SMAEL Outdoor Sports 5ATM LED Electronic Watch,https://www.cigabuy.com/smael-outdoor-sports-5atm-led-electronic-watch-p-21596.html,$1.19,$11.71 
Baseus Dual-USB Ports 2.4A Car Charger Power Charger f iPad iPhone,https://www.cigabuy.com/baseus-dual-usb-ports-24a-car-charger-power-charger-f-ipad-iphone-p-21723.html,$2.36,$11.79 
Authentic Vaporesso Luxe 80 Pod kit - Steel blue,https://www.cigabuy.com/authentic-vaporesso-luxe-80-pod-kit-steel-blue-p-21535.html,,
Baseus Encok S16 Bluetooth Neck Hung Wireless Earphones,https://www.cigabuy.com/baseus-encok-s16-bluetooth-neck-hung-wireless-earphones-p-21665.html,$9.54,$48.39 
10pcs Coffee Spoon Tableware Dessert Spoons Set - Rose Gold,https://www.cigabuy.com/10pcs-coffee-spoon-tableware-dessert-spoons-set-rose-gold-p-21304.html,$4.81,$12.00 
Authentic SMOK Nord 4 Pod Kit 2000mAh - Red,https://www.cigabuy.com/authentic-smok-nord-4-pod-kit-2000mah-red-p-20372.html,,
X5 Bluetooth 5.0+3.0+2.4G Wireless Three Mode Mute Rechargeable Gaming Mouse,https://www.cigabuy.com/x5-bluetooth-503024g-wireless-three-mode-mute-rechargeable-gaming-mouse-p-19752.html,$6.21,$7.18 
5pcs Authentic Demon Killer Multi-Function Cutter Pliers for E-Ciga,https://www.cigabuy.com/5pcs-authentic-demon-killer-multi-function-cutter-pliers-for-e-ciga-p-21325.html,$16.26,$18.34 
Authentic SMOK IPX 80 Kit - Fluid Black Grey,https://www.cigabuy.com/authentic-smok-ipx-80-kit-fluid-black-grey-p-20616.html,,
Authentic SMOK Stick R22 Pod Kit - Matte Black,https://www.cigabuy.com/authentic-smok-stick-r22-pod-kit-matte-black-p-21514.html,,
Authentic SMOK Thiner Pod Kit - Black,https://www.cigabuy.com/authentic-smok-thiner-pod-kit-black-p-21545.html,,
10pcs Coffee Spoon Tableware Dessert Spoons Set - Silver,https://www.cigabuy.com/10pcs-coffee-spoon-tableware-dessert-spoons-set-silver-p-21307.html,$2.58,$12.00 
Authentic Suorin Air Mod Pod Kit - Clear Silver,https://www.cigabuy.com/authentic-suorin-air-mod-pod-kit-clear-silver-p-21319.html,,
OEM Samsung Galaxy S6 S7 Edge Note 5 Headset Earphones Earbuds with Mic,https://www.cigabuy.com/oem-samsung-galaxy-s6-s7-edge-note-5-headset-earphones-earbuds-with-mic-p-21658.html,$1.19,$3.05 
EX16 Smart Watch FSTN LCD Screen 5ATM Waterproof Sports Tracker,https://www.cigabuy.com/ex16-smart-watch-fstn-lcd-screen-5atm-waterproof-sports-tracker-p-21393.html,$3.56,$10.38 
Sport Watches Mens Watches Top Brand Luxury Military,https://www.cigabuy.com/sport-watches-mens-watches-top-brand-luxury-military-p-21597.html,$1.19,$12.74 
Authentic Vaporesso GTX GO 40 Kit - Black,https://www.cigabuy.com/authentic-vaporesso-gtx-go-40-kit-black-p-21291.html,,
F9 TWS Wireless Earphones Bluetooth 5.0 F9 TWS Bluetooth headphone,https://www.cigabuy.com/f9-tws-wireless-earphones-bluetooth-50-f9-tws-bluetooth-headphone-p-19738.html,$5.96,$8.52 
Authentic SMOK G-PRIV Pod Kit - Matte Blue,https://www.cigabuy.com/authentic-smok-g-priv-pod-kit-matte-blue-p-21636.html,,
5pcs Replacement Artificial Jade Drip Tip for 510 Atomizer - Black,https://www.cigabuy.com/5pcs-replacement-artificial-jade-drip-tip-for-510-atomizer-black-p-21322.html,$15.20,$16.23 
Authentic Vaporesso Luxe 80 Pod kit - Steel red,https://www.cigabuy.com/authentic-vaporesso-luxe-80-pod-kit-steel-red-p-21539.html,,
SKMEI New Men Quartz Digital Watch Big Face Sports Watch LED Waterproof for Men,https://www.cigabuy.com/skmei-new-men-quartz-digital-watch-big-face-sports-watch-led-waterproof-for-men-p-21583.html,$2.37,$12.32 
5pcs V4 Vaper Nylon + Ceramic Tweezer for RTA E-Cigarettes - Red,https://www.cigabuy.com/5pcs-v4-vaper-nylon-ceramic-tweezer-for-rta-e-cigarettes-red-p-21324.html,$9.91,$11.46 
BT-1 Wireless Bluetooth 4.1 Earphone Handsfree Headphones With Mic Smartphones,https://www.cigabuy.com/bt-1-wireless-bluetooth-41-earphone-handsfree-headphones-with-mic-smartphones-p-21456.html,$1.19,$1.97 
5pcs V4 Vaper Nylon + Ceramic Tweezer for RTA E-Cigarettes - Black,https://www.cigabuy.com/5pcs-v4-vaper-nylon-ceramic-tweezer-for-rta-e-cigarettes-black-p-21265.html,$9.54,$11.03 
Q67 TWS Wireless Earbuds 3D Stereo Mini Bluetooth Earphone 5.0 With Dual Mic,https://www.cigabuy.com/q67-tws-wireless-earbuds-3d-stereo-mini-bluetooth-earphone-50-with-dual-mic-p-18786.html,$10.73,$14.33 
Swan Base Holder Dinnerware Set with 5 Forks and 5 Spoons - Silver,https://www.cigabuy.com/swan-base-holder-dinnerware-set-with-5-forks-and-5-spoons-silver-p-21309.html,$5.18,$24.02 
1M Magnetic Nylon Charge/Data Cable +Detachable Micro USB Metal Plug,https://www.cigabuy.com/1m-magnetic-nylon-chargedata-cable-detachable-micro-usb-metal-plug-p-20791.html,$1.40,$6.70 
XIAOMI MIJIA Microhoo Mini Air Conditioner Fan Personal Portable USB Air Cooler,https://www.cigabuy.com/xiaomi-mijia-microhoo-mini-air-conditioner-fan-personal-portable-usb-air-cooler-p-18924.html,$25.55,$30.92 
Authentic Geekvape Mero AIO Kit - Black,https://www.cigabuy.com/authentic-geekvape-mero-aio-kit-black-p-20199.html,$14.37,$25.79 
JBMMJ MJ100 Earphone Metal In-Ear 3.5mm Earbuds Aluminum Alloy Superb Sound,https://www.cigabuy.com/jbmmj-mj100-earphone-metal-in-ear-35mm-earbuds-aluminum-alloy-superb-sound-p-19770.html,$1.19,$7.61 
Earphone Storage Bag Mobile Phone Data USB Cable Charger Organizer Bag,https://www.cigabuy.com/earphone-storage-bag-mobile-phone-data-usb-cable-charger-organizer-bag-p-21657.html,$1.19,$4.06 
500g / 0.1g Digital Kitchen Measuring Spoon Electronic Scale,https://www.cigabuy.com/500g-01g-digital-kitchen-measuring-spoon-electronic-scale-p-21721.html,$2.36,$13.20 
5pcs Vaping Coil Winding Jig Tool for Rebuildable Atomizers,https://www.cigabuy.com/5pcs-vaping-coil-winding-jig-tool-for-rebuildable-atomizers-p-21284.html,$5.99,$7.45 
Authentic SMOK Stick R22 Pod Kit - Matte Blue,https://www.cigabuy.com/authentic-smok-stick-r22-pod-kit-matte-blue-p-21515.html,,
Large Capacity Travel Clothes Bag Nylon Folding Portable Tote ,https://www.cigabuy.com/large-capacity-travel-clothes-bag-nylon-folding-portable-tote-p-20865.html,$0.80,$10.82 
100pcs Authentic Geekvape Feather Organic Cotton 20pcs/pack,https://www.cigabuy.com/100pcs-authentic-geekvape-feather-organic-cotton-20pcspack-p-21264.html,$20.37,$23.64 
Wireless Bluetooth Earphone Phone Earbud Headset Magnetic USB Charger,https://www.cigabuy.com/wireless-bluetooth-earphone-phone-earbud-headset-magnetic-usb-charger-p-21412.html,$2.38,$5.11 
Authentic Smoant Veer Pod Kit - Saffron,https://www.cigabuy.com/authentic-smoant-veer-pod-kit-saffron-p-21519.html,,
Authentic Suorin Air Mod Pod Kit - Black,https://www.cigabuy.com/authentic-suorin-air-mod-pod-kit-black-p-21316.html,,
1 x Authentic Smoant Veer Empty Cartridge,https://www.cigabuy.com/1-x-authentic-smoant-veer-empty-cartridge-p-21520.html,,
WEIXIER Long Men Wallet Double Zipper Coin Pocket Purse Casual Card Holder,https://www.cigabuy.com/weixier-long-men-wallet-double-zipper-coin-pocket-purse-casual-card-holder-p-19219.html,,
H96-P DLP Amlogic S905 Android 6.0 2G 16G 854x480 TF Card BT 4.0 WiFi Projector,https://www.cigabuy.com/h96-dlp-amlogic-s905-android-60-2g-16g-854x480-tf-card-bt-40-wifi-projector-p-21401.html,$105.75,$164.51 
Dynamic Drivers Stereo In-ear Earphone 3.5mm Wired Control ,https://www.cigabuy.com/dynamic-drivers-stereo-in-ear-earphone-35mm-wired-control-p-21198.html,$0.64,$1.15 
5pcs 1300mAh Rechargeable Battery for E-Cigarette,https://www.cigabuy.com/5pcs-1300mah-rechargeable-battery-for-e-cigarette-p-21323.html,$14.67,$17.25 
Kangaroo Brand Leather Messenger Bag Man Handbag Chest Bag,https://www.cigabuy.com/kangaroo-brand-leather-messenger-bag-man-handbag-chest-bag-p-18783.html,,
Digital Storage Bag Electronic Accessories Bag For Earphone Cables,https://www.cigabuy.com/digital-storage-bag-electronic-accessories-bag-for-earphone-cables-p-20912.html,$1.60,$11.77 
Faster Lawn Mower Sharpener Lawnmower Blade Sharpener Rotary,https://www.cigabuy.com/faster-lawn-mower-sharpener-lawnmower-blade-sharpener-rotary-p-19014.html,,
ESTRELLA 64GB Class 10 Micro SDXC Memory Card with Free Card Reader,https://www.cigabuy.com/estrella-64gb-class-10-micro-sdxc-memory-card-with-free-card-reader-p-21013.html,$5.94,$14.09 
Authentic SMOK RPM 4 Pod Kit - Black Leather,https://www.cigabuy.com/authentic-smok-rpm-4-pod-kit-black-leather-p-21166.html,,
50pcs Authentic Coilology Premium Quality Organic Cotton 10Pcs/Pack,https://www.cigabuy.com/50pcs-authentic-coilology-premium-quality-organic-cotton-10pcspack-p-21266.html,$12.03,$15.23 
Authentic Vaporesso Luxe Q Pod Kit - Red,https://www.cigabuy.com/authentic-vaporesso-luxe-q-pod-kit-red-p-20672.html,,
Wireless Earphones TWS Wireless Bluetooth 5.0 LED Display Waterproof Headphone,https://www.cigabuy.com/wireless-earphones-tws-wireless-bluetooth-50-led-display-waterproof-headphone-p-19734.html,$9.54,$13.16 
Authentic SMOK Stick N18 Pod Kit - Matte Red,https://www.cigabuy.com/authentic-smok-stick-n18-pod-kit-matte-red-p-21509.html,,
Authentic Eleaf Iore Lite Pod Kit Plastic Standard Edition - Cyan,https://www.cigabuy.com/authentic-eleaf-iore-lite-pod-kit-plastic-standard-edition-cyan-p-21558.html,,
Oulm 3364 Wristwatch Casual Square Dial Wide Strap Men Quartz Watch Luxury Brand,https://www.cigabuy.com/oulm-3364-wristwatch-casual-square-dial-wide-strap-men-quartz-watch-luxury-brand-p-21593.html,$2.37,$16.56 
Authentic Smoant Veer Pod Kit - Dark Green,https://www.cigabuy.com/authentic-smoant-veer-pod-kit-dark-green-p-21518.html,,
i7s TWS Bluetooth V4.1 Earphones with Charging Case – Camouflage Color,https://www.cigabuy.com/i7s-tws-bluetooth-v41-earphones-with-charging-case-–-camouflage-color-p-21413.html,$2.38,$4.79 
E6 Bluetooth Earphone 4.2 In-Ear MINI Stereo 600mA with Charging Box,https://www.cigabuy.com/e6-bluetooth-earphone-42-in-ear-mini-stereo-600ma-with-charging-box-p-19829.html,$2.38,$8.21 
TOPK 1M Round Magnetic LED USB Charging Cable Micro USB Magnet Charger Android,https://www.cigabuy.com/topk-1m-round-magnetic-led-usb-charging-cable-micro-usb-magnet-charger-android-p-21474.html,,
Plug-in Electric Mosquito Killer,https://www.cigabuy.com/plug-in-electric-mosquito-killer-p-17571.html,$2.01,$4.32 
Coffee Cake Spoon Fork Teaspoon Set with 5Spoon+5Forks - Silver,https://www.cigabuy.com/coffee-cake-spoon-fork-teaspoon-set-with-5spoon5forks-silver-p-21305.html,$2.58,$12.00 
Authentic Geekvape Obelisk 60 Pod Kit - Gunmetal,https://www.cigabuy.com/authentic-geekvape-obelisk-60-pod-kit-gunmetal-p-21174.html,,
D-LINK DIR-850L 1200Mbps Dual Band Gigabit Cloud Wifi Router,https://www.cigabuy.com/d-link-dir-850l-1200mbps-dual-band-gigabit-cloud-wifi-router-p-19897.html,$59.09,$73.11 
2 in 1 Cycling Eyewear Bicycle Sunglasses Outdoor Sport Glasses + Camcorder,https://www.cigabuy.com/2-in-1-cycling-eyewear-bicycle-sunglasses-outdoor-sport-glasses-camcorder-p-21406.html,$4.00,$6.71 
3.5mm In-Ear Sport Running Portable Piston Earphone Headset with Microphone,https://www.cigabuy.com/35mm-in-ear-sport-running-portable-piston-earphone-headset-with-microphone-p-19774.html,$2.38,$3.10 
YG400 Portable LCD Projector 800x480 1080P Home Theater HDMI USB AV SD,https://www.cigabuy.com/yg400-portable-lcd-projector-800x480-1080p-home-theater-hdmi-usb-av-sd-p-19902.html,$39.93,$58.13 
SKMEI 1376 Cartoon Car Kids Digital Watch,https://www.cigabuy.com/skmei-1376-cartoon-car-kids-digital-watch-p-21586.html,$1.19,$4.37 
3-LED Telescopic Flexible Extending Torch Magnetized Head Finder Tool,https://www.cigabuy.com/3-led-telescopic-flexible-extending-torch-magnetized-head-finder-tool-p-12044.html,,
Authentic SMOK Stick R22 Pod Kit - Matte Red,https://www.cigabuy.com/authentic-smok-stick-r22-pod-kit-matte-red-p-21516.html,,
1m Micro USB Cable 2.4A Fast Charge Data Cord 90 Degree Cable Android Smartphone,https://www.cigabuy.com/1m-micro-usb-cable-24a-fast-charge-data-cord-90-degree-cable-android-smartphone-p-21468.html,,
Modern Style LED Wall Lamp Sconce Indoor Lighting Fixtures,https://www.cigabuy.com/modern-style-led-wall-lamp-sconce-indoor-lighting-fixtures-p-20890.html,$0.99,$7.84 
Super Mini Bluetooth V4.1 Earbud S650 Invisible Earphone HD Sound,https://www.cigabuy.com/super-mini-bluetooth-v41-earbud-s650-invisible-earphone-hd-sound-p-21414.html,$1.19,$2.01 
TWS Bluetooth 5.0 Wireless Headset Earhook Earphones Sports with Chaging bay,https://www.cigabuy.com/tws-bluetooth-50-wireless-headset-earhook-earphones-sports-with-chaging-bay-p-21502.html,$7.15,$11.37 
L8 1.22''Round Screen Smart Watch Sports BT 4.0 IP68 ECG Blood Pressure Monitor,https://www.cigabuy.com/l8-122round-screen-smart-watch-sports-bt-40-ip68-ecg-blood-pressure-monitor-p-21609.html,$11.86,$38.95 
Authentic Vaporesso Luxe 80 Pod kit - Wood Grain,https://www.cigabuy.com/authentic-vaporesso-luxe-80-pod-kit-wood-grain-p-21537.html,,
M80 2.4GHz Wireless Mouse 4 Buttons 1600 DPI Adjustable Rechargeable Mute Mice,https://www.cigabuy.com/m80-24ghz-wireless-mouse-4-buttons-1600-dpi-adjustable-rechargeable-mute-mice-p-21453.html,,
Authentic SMOK Stick N18 Pod Kit - Matte Black,https://www.cigabuy.com/authentic-smok-stick-n18-pod-kit-matte-black-p-21507.html,,
W16 TWS In-ear Bluetooth Earphone Digital Display Touch Wireless Earbuds,https://www.cigabuy.com/w16-tws-in-ear-bluetooth-earphone-digital-display-touch-wireless-earbuds-p-19482.html,$8.35,$10.66 
Sports Style Earphone In Ear Waterproof and Sweat-proof 3.5mm Jack,https://www.cigabuy.com/sports-style-earphone-in-ear-waterproof-and-sweat-proof-35mm-jack-p-20808.html,$1.19,$4.26 
ELECAM Explorer Pro 4K@24fps NTK96660 Wi-Fi 12MP Sports Camera,https://www.cigabuy.com/elecam-explorer-pro-4k24fps-ntk96660-wi-fi-12mp-sports-camera-p-19742.html,$73.47,$91.52 
1/2/4/6 pair Garden Genie Gloves with Claws for Digging and Planting,https://www.cigabuy.com/1246-pair-garden-genie-gloves-with-claws-for-digging-and-planting-p-14292.html,,
WLtoys A959 High-Speed Vortex 4-CH 1:18 2.4GHz 4WD RC Car,https://www.cigabuy.com/wltoys-a959-high-speed-vortex-4-ch-118-24ghz-4wd-rc-car-p-19755.html,$28.75,$36.06 
7 Inch Wireless Backup Camera Rear View Camera Night Vision Camera,https://www.cigabuy.com/7-inch-wireless-backup-camera-rear-view-camera-night-vision-camera-p-21408.html,,
Multifunction Stainless Steel Fruit Vegetable Peeler Set,https://www.cigabuy.com/multifunction-stainless-steel-fruit-vegetable-peeler-set-p-17506.html,,
WLISTH Watch Men Trend Of Luminous Waterproof Strip Quartz Watch,https://www.cigabuy.com/wlisth-watch-men-trend-of-luminous-waterproof-strip-quartz-watch-p-18840.html,$2.37,$12.19 
AXGIO Atom Business Mini Wireless Bluetooth Earphone f iPhone 7,https://www.cigabuy.com/axgio-atom-business-mini-wireless-bluetooth-earphone-f-iphone-7-p-19901.html,$11.92,$20.19 
Authentic SMOK MORPH POD-40 Pod Kit - Black Carbon Fiber,https://www.cigabuy.com/authentic-smok-morph-pod-40-pod-kit-black-carbon-fiber-p-20746.html,,
IR Remote Extender Repeater for PC DVD,https://www.cigabuy.com/ir-remote-extender-repeater-for-pc-dvd-p-21409.html,$8.90,$13.58 
Authentic VOOPOO VINCI 2 Pod Kit - Pine Grey,https://www.cigabuy.com/authentic-voopoo-vinci-2-pod-kit-pine-grey-p-21269.html,,
USB 5V 10 LED Lamp Reading Light with Flexible Neck,https://www.cigabuy.com/usb-5v-10-led-lamp-reading-light-with-flexible-neck-p-20881.html,$1.19,$7.60 
Rechargeable LED Solor Flashlight 7 Modes USB Torch Lamp,https://www.cigabuy.com/rechargeable-led-solor-flashlight-7-modes-usb-torch-lamp-p-21717.html,$3.55,$21.54 
Bluetooth 4.2 headphone Wireless Mini Invisible Earpiece,https://www.cigabuy.com/bluetooth-42-headphone-wireless-mini-invisible-earpiece-p-21133.html,$7.15,$7.67 
XT-8 In-ear Bluetooth Earphone Wireless Headphones Double Sided Sport Earphones,https://www.cigabuy.com/xt-8-in-ear-bluetooth-earphone-wireless-headphones-double-sided-sport-earphones-p-21407.html,$1.19,$5.56 
F600 Wireless Bluetooth Headset Stereo Sports Headphone,https://www.cigabuy.com/f600-wireless-bluetooth-headset-stereo-sports-headphone-p-21427.html,$5.96,$8.07 
SANDA Quartz Watch Men Watches Business Brand Wristwatch Male Wrist Watch,https://www.cigabuy.com/sanda-quartz-watch-men-watches-business-brand-wristwatch-male-wrist-watch-p-21591.html,$3.56,$21.56 
Authentic Eleaf Iore Lite Pod Kit Plastic Standard Edition - Red,https://www.cigabuy.com/authentic-eleaf-iore-lite-pod-kit-plastic-standard-edition-red-p-21559.html,,
Business Wallets Men's Purse Multifunction Pockets Casual Clutch Male Purse,https://www.cigabuy.com/business-wallets-mens-purse-multifunction-pockets-casual-clutch-male-purse-p-20872.html,$1.40,$13.20 
PANARS Men Sports Watch G Waterproof Digital LEDS Male Shock Military Watch,https://www.cigabuy.com/panars-men-sports-watch-g-waterproof-digital-leds-male-shock-military-watch-p-21740.html,$4.73,$21.45 
Q5 Smart Watch Bluetooth Heart Rate Pedometer 8G 3G Calls WIFI GPS Wristwatch,https://www.cigabuy.com/q5-smart-watch-bluetooth-heart-rate-pedometer-8g-3g-calls-wifi-gps-wristwatch-p-21396.html,$11.86,$76.66 
S668 Children Smart Watch IP54 Waterproof IPS Round Screen Android Wristwatch,https://www.cigabuy.com/s668-children-smart-watch-ip54-waterproof-ips-round-screen-android-wristwatch-p-21399.html,$5.93,$49.51 
BT313 Bluetooth 4.1 Earphone Wireless Earphones Magnetic Sport Ear Phones,https://www.cigabuy.com/bt313-bluetooth-41-earphone-wireless-earphones-magnetic-sport-ear-phones-p-21666.html,$3.58,$8.25 
Authentic SMOK Stick N18 Pod Kit - Matte Blue,https://www.cigabuy.com/authentic-smok-stick-n18-pod-kit-matte-blue-p-21508.html,,
F9-5 TWS Wireless Earphones Bluetooth 5.0 Stereo Bass LED Display Earbuds w Mic,https://www.cigabuy.com/f9-5-tws-wireless-earphones-bluetooth-50-stereo-bass-led-display-earbuds-w-mic-p-21671.html,$8.35,$21.54 
1/2 pcs Mini Airtight Sealer Machine for Plastic Bag - Assorted Color,https://www.cigabuy.com/12-pcs-mini-airtight-sealer-machine-for-plastic-bag-assorted-color-p-21194.html,,
Beard Catcher Apron Beard Cape Bib and Beard Shaping Tool for Shaving,https://www.cigabuy.com/beard-catcher-apron-beard-cape-bib-and-beard-shaping-tool-for-shaving-p-12355.html,,
2 x Authentic Vaporesso LUXE PM40 Empty Pod Cartridge,https://www.cigabuy.com/2-x-authentic-vaporesso-luxe-pm40-empty-pod-cartridge-p-20182.html,$0.12,$4.35 
Mini Wireless Grinding Machine Variable Speed Rotary Tools Drill Engraver Pen,https://www.cigabuy.com/mini-wireless-grinding-machine-variable-speed-rotary-tools-drill-engraver-pen-p-18782.html,,
Authentic SMOK Thiner Pod Kit - Silver Blue,https://www.cigabuy.com/authentic-smok-thiner-pod-kit-silver-blue-p-21547.html,,
Printing Pen 12V 3D Pen Pencil 3D Drawing Pen Filament For Kid Education,https://www.cigabuy.com/printing-pen-12v-3d-pen-pencil-3d-drawing-pen-filament-for-kid-education-p-19316.html,,
LED Solar Charging Flashlight – 3 Light Modes,https://www.cigabuy.com/led-solar-charging-flashlight-–-3-light-modes-p-21500.html,$5.24,$7.67 
Authentic Suorin Air Mod Pod Kit - Clear Blue,https://www.cigabuy.com/authentic-suorin-air-mod-pod-kit-clear-blue-p-21318.html,,
"SJ4000 1.5"" LCD Screen 12MP 1080P Waterproof Sports Camera",https://www.cigabuy.com/sj4000-15-lcd-screen-12mp-1080p-waterproof-sports-camera-p-19896.html,$30.35,$38.05 
Original Xiaomi Piston Basic Edition In-ear Headset Earphone w/ Mic,https://www.cigabuy.com/original-xiaomi-piston-basic-edition-in-ear-headset-earphone-w-mic-p-19823.html,,
Electric Mini Hand Drill Rotary Metal Wood Engraver Grinder Polishing Machine,https://www.cigabuy.com/electric-mini-hand-drill-rotary-metal-wood-engraver-grinder-polishing-machine-p-19230.html,,
Authentic SMOK MORPH POD-40 Pod Kit - Grey,https://www.cigabuy.com/authentic-smok-morph-pod-40-pod-kit-grey-p-20745.html,,
Zip Closure Travel Passport Wallet Document Holder with Zipper Strap,https://www.cigabuy.com/zip-closure-travel-passport-wallet-document-holder-with-zipper-strap-p-20825.html,$0.79,$5.60 
H96 Mini H6 4GB+128GB Android 9.0 TV Box Allwinner H6 Quad Core 6K H.265 Wifi HD,https://www.cigabuy.com/h96-mini-h6-4gb128gb-android-90-tv-box-allwinner-h6-quad-core-6k-h265-wifi-hd-p-21459.html,,
Evpad 2S+ Android 4.4 TV BOX Quad-core 1GB 8GB 4K H2.65 HDMI 2.4G WiFi,https://www.cigabuy.com/evpad-2s-android-44-tv-box-quad-core-1gb-8gb-4k-h265-hdmi-24g-wifi-p-21726.html,$35.46,$179.64 
Mini PVC 9 LED Flashlight with Tail on/ off Button,https://www.cigabuy.com/mini-pvc-9-led-flashlight-with-tail-on-off-button-p-20914.html,$0.85,$8.68 
Electric Makeup Brush Cleaner & Dryer Set Make up Brushes Washing Tool,https://www.cigabuy.com/electric-makeup-brush-cleaner-dryer-set-make-up-brushes-washing-tool-p-14109.html,,
TOPROAD Portable HiFi Wireless Bluetooth Speaker Wooden Bass Altavoz,https://www.cigabuy.com/toproad-portable-hifi-wireless-bluetooth-speaker-wooden-bass-altavoz-p-21420.html,,
M3 Plus Waterproof 3D Dynamic UI Interface Smart Wristband,https://www.cigabuy.com/m3-plus-waterproof-3d-dynamic-ui-interface-smart-wristband-p-21423.html,$4.45,$7.99 
Baellerry Canvas Men Wallet Long Clutch Card Purse Phone Bag with Coin Pocket,https://www.cigabuy.com/baellerry-canvas-men-wallet-long-clutch-card-purse-phone-bag-with-coin-pocket-p-18477.html,,
HD Full Touch Waterproof IP67 Color Screen With Heart Rate Monitoring Smart Brac,https://www.cigabuy.com/hd-full-touch-waterproof-ip67-color-screen-with-heart-rate-monitoring-smart-brac-p-14673.html,$13.90,$51.71 
Authentic SMOK Novo 4 Pod Kit - Black Armor,https://www.cigabuy.com/authentic-smok-novo-4-pod-kit-black-armor-p-21152.html,,
Waterproof Bluetooth V3.0 Shower Hands-free Mic Suction Speaker,https://www.cigabuy.com/waterproof-bluetooth-v30-shower-hands-free-mic-suction-speaker-p-10830.html,$1.19,$2.16 
5pcs V4 Vaper Nylon + Ceramic Tweezer for RTA E-Cigarettes - Black,https://www.cigabuy.com/5pcs-v4-vaper-nylon-ceramic-tweezer-for-rta-e-cigarettes-black-p-21285.html,$10.46,$11.79 
Swan Base Holder Dinnerware Set with 10 Forks - Gold,https://www.cigabuy.com/swan-base-holder-dinnerware-set-with-10-forks-gold-p-21310.html,$6.70,$24.02 
Coffee Cake Spoon Fork Teaspoon Set with 5Spoon+5Forks - Gold,https://www.cigabuy.com/coffee-cake-spoon-fork-teaspoon-set-with-5spoon5forks-gold-p-21301.html,$3.01,$12.00 
Battery Tester Digital Capacity Tester Checker Power Supply Tester,https://www.cigabuy.com/battery-tester-digital-capacity-tester-checker-power-supply-tester-p-18710.html,,
Frosted Mini M20 USB2.0 1000dpi Wired Mouse,https://www.cigabuy.com/frosted-mini-m20-usb20-1000dpi-wired-mouse-p-21410.html,,
BT315 Bluetooth Headset Pendant Sports Headphones Smart Magnetic Waterproof,https://www.cigabuy.com/bt315-bluetooth-headset-pendant-sports-headphones-smart-magnetic-waterproof-p-21438.html,$4.77,$6.49 
Authentic Vaporesso GTX GO 40 Kit - Blue,https://www.cigabuy.com/authentic-vaporesso-gtx-go-40-kit-blue-p-21290.html,,
[Luminous Version] CX-2 Sports Bluetooth V4.1+EDR Earphone IPX4,https://www.cigabuy.com/luminous-version-cx-2-sports-bluetooth-v41edr-earphone-ipx4-p-21397.html,$2.38,$9.26 
YL-6S Wireless Bluetooth Earphone In-ear Earbuds Waterproof HD Call Headset,https://www.cigabuy.com/yl-6s-wireless-bluetooth-earphone-in-ear-earbuds-waterproof-hd-call-headset-p-18835.html,$5.96,$8.35 
S5 Wireless Bluetooth 4.0 Sport Earbuds,https://www.cigabuy.com/s5-wireless-bluetooth-40-sport-earbuds-p-21416.html,$3.58,$7.99 
i9s TWS Bluetooth V5.0 Earphones with Charging Case,https://www.cigabuy.com/i9s-tws-bluetooth-v50-earphones-with-charging-case-p-21667.html,$4.77,$20.64 
Baseus Mini USB Rechargeable Fan Clip-on Fan 360° Rotation Portable Desktop Fan,https://www.cigabuy.com/baseus-mini-usb-rechargeable-fan-clip-on-fan-360°-rotation-portable-desktop-fan-p-21134.html,$4.81,$7.86 
Dummy Fake Surveillance Security CCTV Dome Camera with Flashing Red LED Light,https://www.cigabuy.com/dummy-fake-surveillance-security-cctv-dome-camera-with-flashing-red-led-light-p-21424.html,,
Authentic Vaporesso GTX GO 80 Kit - Black,https://www.cigabuy.com/authentic-vaporesso-gtx-go-80-kit-black-p-21286.html,,
In-ear style 3.5mm Super Bass Universal Earphone Wired Sport Earphone with Mic,https://www.cigabuy.com/in-ear-style-35mm-super-bass-universal-earphone-wired-sport-earphone-with-mic-p-19747.html,,
DUBERY Vintage Sunglasses Polarized Men's Sun Glasses For Men,https://www.cigabuy.com/dubery-vintage-sunglasses-polarized-mens-sun-glasses-for-men-p-18476.html,,
4 in1 Women's Trimmer Electric Shaver Razor for Bikini Area,https://www.cigabuy.com/4-in1-womens-trimmer-electric-shaver-razor-for-bikini-area-p-21425.html,$2.65,$7.99 
Motion Sensor Battery Run Wall Night Light,https://www.cigabuy.com/motion-sensor-battery-run-wall-night-light-p-21461.html,,
Swan Base Holder Dinnerware Set with 10 Spoons - Silver,https://www.cigabuy.com/swan-base-holder-dinnerware-set-with-10-spoons-silver-p-21312.html,$5.18,$24.02 
Smart Wireless Bluetooth Stereo Headset Headphone with MIC,https://www.cigabuy.com/smart-wireless-bluetooth-stereo-headset-headphone-with-mic-p-19314.html,$7.15,$9.54 
Short Purse Wallets for Men with Checkbook Holder Slim Purse Money Clip Wallet,https://www.cigabuy.com/short-purse-wallets-for-men-with-checkbook-holder-slim-purse-money-clip-wallet-p-21501.html,,
10pcs Stainless Steel Leaf Fruit Forks Set - Gold,https://www.cigabuy.com/10pcs-stainless-steel-leaf-fruit-forks-set-gold-p-21302.html,$3.01,$12.00 
10pcs Coffee Spoon Tableware Dessert Spoons Set - Gold,https://www.cigabuy.com/10pcs-coffee-spoon-tableware-dessert-spoons-set-gold-p-21303.html,$3.01,$12.00 
Luminous Headset Glow In Dark Headphones Flashlight Earphone with Mic,https://www.cigabuy.com/luminous-headset-glow-in-dark-headphones-flashlight-earphone-with-mic-p-19744.html,$1.19,$1.82 
IP67 P8 Smart Watch Wristband Men Women Monitor Smartwatch Tracker For Phone,https://www.cigabuy.com/ip67-p8-smart-watch-wristband-men-women-monitor-smartwatch-tracker-for-phone-p-18585.html,,
10pcs Stainless Steel Leaf Fruit Forks Set - Silver,https://www.cigabuy.com/10pcs-stainless-steel-leaf-fruit-forks-set-silver-p-21306.html,$2.58,$12.00 
Portable Bluetooth Speaker Loud Stereo Sound Waterproof IP67 Outdoor Speaker,https://www.cigabuy.com/portable-bluetooth-speaker-loud-stereo-sound-waterproof-ip67-outdoor-speaker-p-21466.html,,
Baseus Bluetooth Earphones Single Ear Wireless Earphone With Charging Dock,https://www.cigabuy.com/baseus-bluetooth-earphones-single-ear-wireless-earphone-with-charging-dock-p-19729.html,$3.58,$10.82 
Digital Multi-function Food Kitchen Scale Stainless Steel Platform,https://www.cigabuy.com/digital-multi-function-food-kitchen-scale-stainless-steel-platform-p-21439.html,,
Men PU Leather Long Clutch Wallet Business Men Cards Phone Holder Purse,https://www.cigabuy.com/men-pu-leather-long-clutch-wallet-business-men-cards-phone-holder-purse-p-19000.html,,
Vintage Men Leather Brand Luxury Wallet Short Slim Male Purses,https://www.cigabuy.com/vintage-men-leather-brand-luxury-wallet-short-slim-male-purses-p-21445.html,,
TW40 Bluetooth Headset 5.0 Wireless Headphones Sports Black Science Earbuds,https://www.cigabuy.com/tw40-bluetooth-headset-50-wireless-headphones-sports-black-science-earbuds-p-19222.html,$9.54,$12.67 
35pcs CE4 Atomizer for E-cigarette - Color Assorted 7pcs/pack,https://www.cigabuy.com/35pcs-ce4-atomizer-for-e-cigarette-color-assorted-7pcspack-p-21280.html,$16.26,$18.31 
Authentic Demon Killer Fod 580mAh Pod Kit - Black,https://www.cigabuy.com/authentic-demon-killer-fod-580mah-pod-kit-black-p-18690.html,$15.20,$16.13 
Authentic Smok Nord X 60W Pod System Kit  - Black Cobra,https://www.cigabuy.com/authentic-smok-nord-x-60w-pod-system-kit-black-cobra-p-19924.html,$28.75,$32.50 
Xiaomi Pizza Cutter Stainless Steel Cake Knife Pizza Wheels knife Removable,https://www.cigabuy.com/xiaomi-pizza-cutter-stainless-steel-cake-knife-pizza-wheels-knife-removable-p-19287.html,,
No.1 Smartband F4 IP68 Heart Rate Sedentary Reminder Remote Camera Pedometer,https://www.cigabuy.com/no1-smartband-f4-ip68-heart-rate-sedentary-reminder-remote-camera-pedometer-p-19723.html,,
Men Women UV400 Polarized Sunglasses Driving Fishing Cycling Bicycle Eyewear,https://www.cigabuy.com/men-women-uv400-polarized-sunglasses-driving-fishing-cycling-bicycle-eyewear-p-18780.html,,
Coffee Cake Spoon Fork Teaspoon Set with 5Spoon+5Forks - Rose Gold,https://www.cigabuy.com/coffee-cake-spoon-fork-teaspoon-set-with-5spoon5forks-rose-gold-p-21315.html,$3.01,$12.00 
New Auto Car Shark Fin Universal Roof Antenna Radio FM,https://www.cigabuy.com/new-auto-car-shark-fin-universal-roof-antenna-radio-fm-p-20910.html,$1.60,$11.27 
PU Leather RFID Men Wallet with Card Holder Luxury Short Zipper Purse,https://www.cigabuy.com/pu-leather-rfid-men-wallet-with-card-holder-luxury-short-zipper-purse-p-19210.html,,
DT58 Blood Oxygen Pressure Smart Bracelet,https://www.cigabuy.com/dt58-blood-oxygen-pressure-smart-bracelet-p-21464.html,,
10pcs Stainless Steel Leaf Fruit Forks Set - Rose Gold,https://www.cigabuy.com/10pcs-stainless-steel-leaf-fruit-forks-set-rose-gold-p-21314.html,$3.01,$12.00 
3 x Authentic SMOK SCAR-P3 Empty RPM2 Empty Replacement RPM2 Pod,https://www.cigabuy.com/3-x-authentic-smok-scar-p3-empty-rpm2-empty-replacement-rpm2-pod-p-19365.html,,
Sports Wireless Bluetooth V3.0 Music Headsets Headphones w/ Mic,https://www.cigabuy.com/sports-wireless-bluetooth-v30-music-headsets-headphones-w-mic-p-19756.html,,
Men Short Wallets PU Leather Zipper Buckle Coin Purse,https://www.cigabuy.com/men-short-wallets-pu-leather-zipper-buckle-coin-purse-p-19214.html,,
USB Rechargeable Flashlight Portable Lantern Waterproof Flash Light,https://www.cigabuy.com/usb-rechargeable-flashlight-portable-lantern-waterproof-flash-light-p-18834.html,,
Baellerry PU Leather Removable Wrist Strap Multi-function Vintage Men Wallets,https://www.cigabuy.com/baellerry-pu-leather-removable-wrist-strap-multi-function-vintage-men-wallets-p-18668.html,,
3W LED COB Flashlight 160LM 2 Modes Flashlights & Torches,https://www.cigabuy.com/3w-led-cob-flashlight-160lm-2-modes-flashlights-torches-p-20901.html,$1.19,$4.47 
Shini Q940 3.5mm Sport Headset Ear Hook For Cell Phone,https://www.cigabuy.com/shini-q940-35mm-sport-headset-ear-hook-for-cell-phone-p-21662.html,$1.19,$5.20 
HI762 Chromecast Miracast DLNA WiFi Display Dongle,https://www.cigabuy.com/hi762-chromecast-miracast-dlna-wifi-display-dongle-p-20789.html,,
Children Cartoon Cat Ear Style Headset shining Folding Headphone,https://www.cigabuy.com/children-cartoon-cat-ear-style-headset-shining-folding-headphone-p-21669.html,$5.96,$16.21 
HY-218 USB Powered Multimedia Stereo Audio Speakers,https://www.cigabuy.com/hy-218-usb-powered-multimedia-stereo-audio-speakers-p-20928.html,,
Authentic Hellvape Trishul V2 Mech Mod - Copper,https://www.cigabuy.com/authentic-hellvape-trishul-v2-mech-mod-copper-p-20223.html,,
3 x Authentic Smoant S-2 0.6ohm Mesh Coil,https://www.cigabuy.com/3-x-authentic-smoant-s-2-06ohm-mesh-coil-p-20360.html,$0.12,$4.85 
3 x Authentic Smoant S-1 0.4ohm Mesh Coil,https://www.cigabuy.com/3-x-authentic-smoant-s-1-04ohm-mesh-coil-p-20359.html,$0.12,$4.85 
K08 Wireless Headphone Bluetooth5.0 Bone Conduction Headsets Wireless,https://www.cigabuy.com/k08-wireless-headphone-bluetooth50-bone-conduction-headsets-wireless-p-19739.html,$5.96,$7.10 
T6+COB Tactical Military LED Flashlight Torch Zoomable 5-Mode Lamp,https://www.cigabuy.com/t6cob-tactical-military-led-flashlight-torch-zoomable-5-mode-lamp-p-21421.html,,
DUBERY 163 Polarized Sunglasses Men Driving Shades Male Retro Sun Glasses,https://www.cigabuy.com/dubery-163-polarized-sunglasses-men-driving-shades-male-retro-sun-glasses-p-18838.html,,
Ergonomic Wired Mouse Vertical Optical Gaming Mause,https://www.cigabuy.com/ergonomic-wired-mouse-vertical-optical-gaming-mause-p-21432.html,,
Baellerry Men Long Fashion Wallets Desigh Zipper Card Holder Leather Purse,https://www.cigabuy.com/baellerry-men-long-fashion-wallets-desigh-zipper-card-holder-leather-purse-p-18784.html,,
Men Anti Theft Chest Bag Shoulder Crossbody Bag School Summer Trip Bag A Left,https://www.cigabuy.com/men-anti-theft-chest-bag-shoulder-crossbody-bag-school-summer-trip-bag-left-p-18832.html,,
G189 Optical Mute Mouse Mice for Computer PC,https://www.cigabuy.com/g189-optical-mute-mouse-mice-for-computer-pc-p-21189.html,,
Portable Mini C6 Wireless Bluetooth Speaker Waterproof IP 65 Wireless Speaker,https://www.cigabuy.com/portable-mini-c6-wireless-bluetooth-speaker-waterproof-ip-65-wireless-speaker-p-21418.html,,
3 x Authentic Vaporesso GTR Replacement 0.15ohm Mesh Coil,https://www.cigabuy.com/3-x-authentic-vaporesso-gtr-replacement-015ohm-mesh-coil-p-20113.html,,
Authentic SMOK Nord 2 1500mAh Pod Kit - Gold,https://www.cigabuy.com/authentic-smok-nord-2-1500mah-pod-kit-gold-p-18341.html,,
Authentic Think Vape OMEGA AIO 30W Starter Kit 1200mah - 7 Color,https://www.cigabuy.com/authentic-think-vape-omega-aio-30w-starter-kit-1200mah-7-color-p-17834.html,,
Authentic Think Vape OMEGA AIO 30W Starter Kit 1200mah - Blue,https://www.cigabuy.com/authentic-think-vape-omega-aio-30w-starter-kit-1200mah-blue-p-17833.html,,
Authentic Uwell Crown Pod 1250mAh Pod System Kit - Black,https://www.cigabuy.com/authentic-uwell-crown-pod-1250mah-pod-system-kit-black-p-16656.html,$1.18,$37.91 
E-XY Kanthal A1 28GA 30F Heating Wire,https://www.cigabuy.com/e-xy-kanthal-a1-28ga-30f-heating-wire-p-11728.html,,
"49,99€ Cigabuy E-Cigarette Lucky Box",https://www.cigabuy.com/4999€-cigabuy-e-cigarette-lucky-box-p-10780.html,,
"29,99€ Cigabuy E-Cigarette Lucky Box",https://www.cigabuy.com/2999€-cigabuy-e-cigarette-lucky-box-p-10779.html,,
"9,99€ E-Cigarette Gift Box Lucky Bag",https://www.cigabuy.com/999€-e-cigarette-gift-box-lucky-bag-p-10778.html,,
Authentic Geekvape Aegis Hero Pod Mod Kit - Gunmetal,https://www.cigabuy.com/authentic-geekvape-aegis-hero-pod-mod-kit-gunmetal-p-19994.html,$22.65,$41.18 
